,local_address,name,principle_address,secstaff_reg_url,type
0,"ROOM 1608, 16/F, ENTERPRISE SQUARE 3, 39 WANG CHIU ROAD, KOWLOON BAY, KOWLOON",ABC BANKING CORPORATION LTD,"7 DUKE OF EDINBURGH AVENUE, PLACE D' ARMES, 11328, PORT LOUIS, MAURITIUS",,Local Representative Office
1,"UNITS 7001-06 & 7008B, LEVEL 70, INTERNATIONAL COMMERCE CENTRE, 1 AUSTIN ROAD WEST, KOWLOON, HONG KONG.",ABN AMRO BANK N.V.,GUSTAV MAHLERLAAN 10 1082PP AMSTERDAM THE NETHERLANDS,http://apps.hkma.gov.hk/eng/index.php?c=search&m=search_by_institution&ri=100299,Licensed Bank
2,"25/F, AGRICULTURAL BANK OF CHINA TOWER, 50 CONNAUGHT ROAD CENTRAL, HONG KONG.",AGRICULTURAL BANK OF CHINA LIMITED,"NO. 69, JIANGUOMEN NEI AVENUE, DONGCHENG DISTRICT, BEIJING, P.R. CHINA",http://apps.hkma.gov.hk/eng/index.php?c=search&m=search_by_institution&ri=100235,Licensed Bank
3,APPROVED BUT NOT YET OPENED,AIRSTAR BANK LIMITED,,,Licensed Bank
4,"1908-09, TOWER ONE, LIPPO CENTRE, 89 QUEENSWAY, ADMIRALTY, HONG KONG.",ALLAHABAD BANK,"NO:2, NETAJI SUBHAS ROAD, KOLKATA, INDIA.",,Licensed Bank
5,"1402 WORLD-WIDE HOUSE, 19 DES VOEUX ROAD CENTRAL, HONG KONG.",ALLIED BANKING CORPORATION (HONG KONG) LIMITED,,,Restricted Licence Bank
6,APPROVED BUT NOT YET OPENED,ANT BANK (HONG KONG) LIMITED,,,Licensed Bank
7,"SUITE 1601, 16/F, TOWER 2, THE GATEWAY, HARBOUR CITY, TSIM SHA TSUI, KOWLOON","ASHIKAGA BANK, LTD. (THE)","1-25 SAKURA 4-CHOME, UTSUNOMIYA, TOCHIGI PREFECTURE 320-8610, JAPAN.",,Local Representative Office
8,"22/F, THREE EXCHANGE SQUARE, 8 CONNAUGHT PLACE, CENTRAL, HONG KONG.",AUSTRALIA AND NEW ZEALAND BANKING GROUP LIMITED,"100 QUEEN STREET, MELBOURNE, VICTORIA 3000, AUSTRALIA.",http://apps.hkma.gov.hk/eng/index.php?c=search&m=search_by_institution&ri=100164,Licensed Bank
9,"SUITE 1707-1708, CENTRAL PLAZA, 18 HARBOUR ROAD, WANCHAI, HONG KONG",AXIS BANK LIMITED,"MAKER TOWERS 'F', 13TH FLOOR, CUFFE PARADE, COLABA, MUMBAI-400 005.",,Licensed Bank
10,"52/F, CHEUNG KONG CENTER, 2 QUEEN'S ROAD CENTRAL, CENTRAL, HONG KONG.",BANC OF AMERICA SECURITIES ASIA LIMITED,,http://apps.hkma.gov.hk/eng/index.php?c=search&m=search_by_institution&ri=200017,Restricted Licence Bank
11,"6611A & B, 66TH FLOOR, THE CENTER, 99 QUEEN'S ROAD CENTRAL, CENTRAL, HONG KONG",BANCA MONTE DEI PASCHI DI SIENA S.P.A.,"SIENA (ITALY), PIAZZA SALIMBENI 3.",,Licensed Bank
12,"UNIT 9507, LEVEL 95, INTERNATIONAL COMMERCE CENTRE, 1 AUSTIN ROAD WEST, KOWLOON.",BANCO BILBAO VIZCAYA ARGENTARIA S.A.,"CARRERA DE SAN JERONIMO, 36 28014 MADRID, SPAIN.",http://apps.hkma.gov.hk/eng/index.php?c=search&m=search_by_institution&ri=100157,Licensed Bank
13,"SUITE 3205, CENTRAL PLAZA, 18 HARBOUR ROAD, WAN CHAI, HONG KONG.",BANCO BPM SOCIETA' PER AZIONI,"PIAZZA NOGARA 2, 37100 VERONA, ITALY.",,Local Representative Office
14,APPROVED BUT NOT YET OPENED,BANCO BRADESCO S.A.,"CIDADE DE DEUS, S/NO VILA YARA, OSASCO, SP, CEP 06029-900, BRAZIL",,Local Representative Office
15,"10/F, TWO INTERNATIONAL FINANCE CENTRE, 8 FINANCE STREET, CENTRAL, HONG KONG.","BANCO SANTANDER, S.A.","PASEO DE PEREDA 9-12, SANTANDER, 39004, SPAIN.",http://apps.hkma.gov.hk/eng/index.php?c=search&m=search_by_institution&ri=100289,Licensed Bank
16,"SUITE 2407, 9 QUEEN'S ROAD CENTRAL, HONG KONG.",BANCO SECURITY,"AV. APOQUINDO 3150, LAS CONDES, SANTIAGO, CHILE.",,Local Representative Office
17,"BANGKOK BANK BUILDING, 28 DES VOEUX ROAD, CENTRAL, HONG KONG.",BANGKOK BANK PUBLIC COMPANY LIMITED,"333 SILOM ROAD, BANGKOK 10500, THAILAND.",,Licensed Bank
18,"40/F, EDINBURGH TOWER, THE LANDMARK, 15 QUEEN'S ROAD CENTRAL, HONG KONG.",BANK J. SAFRA SARASIN AG,"ELISABETHENSTRASSE 62, POSTFACH, CH-4002 BASEL, SWITZERLAND.",http://apps.hkma.gov.hk/eng/index.php?c=search&m=search_by_institution&ri=100297,Licensed Bank
19,"39/F, ONE INTERNATIONAL FINANCE CENTRE, 1 HARBOUR VIEW STREET, CENTRAL, HONG KONG.",BANK JULIUS BAER & CO. LTD.,"BAHNHOFSTRASSE 36, CH-8010 ZURICH, SWITZERLAND.",http://apps.hkma.gov.hk/eng/index.php?c=search&m=search_by_institution&ri=100301,Licensed Bank
20,"52/F, CHEUNG KONG CENTER, 2 QUEEN'S ROAD CENTRAL, CENTRAL, HONG KONG.","BANK OF AMERICA, NATIONAL ASSOCIATION","100 NORTH TRYON STREET, 18/F, CHARLOTTE, NORTH CAROLINA 28255.",http://apps.hkma.gov.hk/eng/index.php?c=search&m=search_by_institution&ri=100045,Licensed Bank
21,"4/F, DINA HOUSE, RUTTONJEE CENTRE, 11 DUDDELL STREET, CENTRAL, HONG KONG.",BANK OF BARODA,"BARODA HOUSE, MANDVI, VADODARA 390 006, INDIA",,Licensed Bank
22,"UNIT 2901-2909 & 2916-2917, 29/F, TWO INTERNATIONAL FINANCE CENTRE, 8 FINANCE STREET, CENTRAL, HONG KONG.","BANK OF BEIJING CO., LTD.","GROUND FLOOR, JIA NO.17, FINANCIAL STREET, XICHENG DISTRICT, BEIJING, PRC.",,Local Representative Office
23,"14TH FLOOR, BANK OF CHINA TOWER, NO.1 GARDEN ROAD, HONG KONG.",BANK OF CHINA (HONG KONG) LIMITED,,http://apps.hkma.gov.hk/eng/index.php?c=search&m=search_by_institution&ri=100072,Licensed Bank
24,"2/F & 3/F, BANK OF CHINA BUILDING, 2A DES VOEUX ROAD CENTRAL, HONG KONG",BANK OF CHINA INTERNATIONAL LIMITED,,http://apps.hkma.gov.hk/eng/index.php?c=search&m=search_by_institution&ri=200069,Restricted Licence Bank
25,"7/F, BANK OF CHINA TOWER, 1 GARDEN ROAD, CENTRAL, HONG KONG.",BANK OF CHINA LIMITED,"1 FUXINGMEN NEI DAJIE, BEIJING 100818, CHINA.",http://apps.hkma.gov.hk/eng/index.php?c=search&m=search_by_institution&ri=100011,Licensed Bank
26,"UNIT B B/F & G/F, UNIT C G/F, 1-3/F, 16/F ROOM 01 & 18/F, WHEELOCK HOUSE, 20 PEDDER STREET, CENTRAL, HONG KONG",BANK OF COMMUNICATIONS (HONG KONG) LIMITED,,http://apps.hkma.gov.hk/eng/index.php?c=search&m=search_by_institution&ri=100320,Licensed Bank
27,"UNIT B B/F & G/F, UNIT C G/F, 1-3/F, 16/F ROOM 01 & 18/F, WHEELOCK HOUSE, 20 PEDDER STREET, CENTRAL, HONG KONG","BANK OF COMMUNICATIONS CO., LTD.","NO.188 YINCHENG ZHONG ROAD, SHANGHAI, P R CHINA.",http://apps.hkma.gov.hk/eng/index.php?c=search&m=search_by_institution&ri=100023,Licensed Bank
28,"SUITE 3419, 34/F, JARDINE HOUSE, 1 CONNAUGHT PLACE, CENTRAL, HONG KONG.","BANK OF DONGGUAN CO., LTD.","NO. 21, TIYU ROAD, GUANCHENG DISTRICT, DONGGUAN, CHINA.",,Local Representative Office
29,"BANK OF EAST ASIA BUILDING, 10 DES VOEUX ROAD CENTRAL, HONG KONG.","BANK OF EAST ASIA, LIMITED (THE)",,http://apps.hkma.gov.hk/eng/index.php?c=search&m=search_by_institution&ri=100013,Licensed Bank
30,"ROOM 404, 4TH FLOOR, FAR EAST FINANCE CENTRE, 16 HARCOURT ROAD, HONG KONG.","BANK OF FUKUOKA, LTD. (THE)","13-1,TENJIN 2-CHOME, CHUO-KU,FUKUOKA 810-0001, JAPAN.",,Local Representative Office
31,"2/F., RUTTONJEE HOUSE, 11 DUDDELL STREET, CENTRAL, HONG KONG.",BANK OF INDIA,"EXPRESS TOWERS NARIMAN POINT BOMBAY 400021, INDIA.",,Licensed Bank
32,"SUITE 3006, TWO EXCHANGE SQUARE, 8 CONNAUGHT PLACE, CENTRAL, HONG KONG.","BANK OF KYOTO, LTD. (THE)","700 YAKUSHIMAE-CHO, KARASUMADORI-MATSUBARA-AGARU SHIMOGYO-KU KYOTO, JAPAN.",,Local Representative Office
33,"36/F, ONE EXCHANGE SQUARE, CENTRAL, HONG KONG.",BANK OF MONTREAL,"129, RUE SAINT-JACQUES, MONTREAL, QUEBEC, H2Y 1L6, CANADA.",http://apps.hkma.gov.hk/eng/index.php?c=search&m=search_by_institution&ri=100097,Licensed Bank
34,"LEVEL 24, THREE PACIFIC PLACE, 1 QUEEN'S ROAD EAST, HONG KONG.",BANK OF NEW YORK MELLON (THE),"240 GREENWICH STREET, NEW YORK, NY 10286",http://apps.hkma.gov.hk/eng/index.php?c=search&m=search_by_institution&ri=100147,Licensed Bank
35,"SUITE 2101 & 2401, CENTRAL TOWER, 28 QUEEN'S ROAD CENTRAL, HONG KONG.",BANK OF NOVA SCOTIA (THE),"44 KING STREET WEST, TORONTO, ONTARIO, CANADA.",http://apps.hkma.gov.hk/eng/index.php?c=search&m=search_by_institution&ri=100088,Licensed Bank
36,"34/F, CHAMPION TOWER, 3 GARDEN ROAD, CENTRAL, HONG KONG.",BANK OF SHANGHAI (HONG KONG) LIMITED,,,Restricted Licence Bank
37,"34/F & 35/F, ONE INTERNATIONAL FINANCE CENTRE, 1 HARBOUR VIEW STREET, CENTRAL, HONG KONG.",BANK OF SINGAPORE LIMITED,"63 CHULIA STREET, #10-00 OCBC CENTRE EAST, SINGAPORE (049514)",http://apps.hkma.gov.hk/eng/index.php?c=search&m=search_by_institution&ri=100290,Licensed Bank
38,"23/F, CENTRAL TOWER, 28 QUEEN'S ROAD CENTRAL, HONG KONG.",BANK OF TAIWAN,"NO. 120, SECTION 1, CHONGCING SOUTH ROAD, JHONGJHENG DISTRICT, TAIPEI CITY 10007, TAIWAN.",http://apps.hkma.gov.hk/eng/index.php?c=search&m=search_by_institution&ri=100216,Licensed Bank
39,"SUITE 2109 , TOWER 6, THE GATEWAY, HARBOUR CITY, 9 CANTON ROAD, TSIM SHA TSUI, KOWLOON.","BANK OF YOKOHAMA, LTD. (THE)","1-1, MINATOMIRAI 3-CHOME, NISHI-KU, YOKOHAMA, KANAGAWA, 220-8611, JAPAN.",,Local Representative Office
40,"26/F, CENTRAL TOWER, 28 QUEEN'S ROAD CENTRAL, CENTRAL, HONG KONG.",BANK SINOPAC,"NO.36, SECTION 3, NANKING EAST ROAD, CHUNG SHAN DISTRICT, TAIPEI 104, TAIWAN.",http://apps.hkma.gov.hk/eng/index.php?c=search&m=search_by_institution&ri=100260,Licensed Bank
41,"UNIT 1802-03, 18/F, ALEXANDRA HOUSE, NO. 18 CHATER ROAD, CENTRAL, HONG KONG.",BANQUE CANTONALE DE GENEVE,"BCGE, QUAI DE L'LLE 17, P.O. BOX 2251, CH-1211 GENEVA 2, SWITZERLAND.",,Local Representative Office
42,"22ND FLOOR, CENTRAL TOWER, 28 QUEEN'S ROAD CENTRAL, HONG KONG.",BANQUE TRANSATLANTIQUE S.A.,"26 AVENUE F.D. ROOSEVELT, 75008 PARIS, FRANCE",,Local Representative Office
43,"41/F, CHEUNG KONG CENTER, 2 QUEEN'S ROAD CENTRAL, HONG KONG.",BARCLAYS BANK PLC,"1 CHURCHILL PLACE, LONDON, E14 5HP, UNITED KINGDOM.",http://apps.hkma.gov.hk/eng/index.php?c=search&m=search_by_institution&ri=100084,Licensed Bank
44,"1/F WHEELOCK HOUSE, 20 PEDDER STREET, CENTRAL, HONG KONG.",BCOM FINANCE (HONG KONG) LIMITED,,http://apps.hkma.gov.hk/eng/index.php?c=search&m=search_by_institution&ri=300275,Deposit-taking Company
45,"GROUND FLOOR, EURO TRADE CENTRE, 13-14 CONNAUGHT ROAD CENTRAL, HONG KONG.","BDO UNIBANK, INC.","BDO CORPORATE CENTER, 7899 MAKATI AVENUE, MAKATI CITY, PHILIPPINES.",http://apps.hkma.gov.hk/eng/index.php?c=search&m=search_by_institution&ri=100054,Licensed Bank
46,"UNIT 1905, LEVEL 19, INTERNATIONAL COMMERCE CENTRE, 1 AUSTIN ROAD WEST, KOWLOON",BENDURA BANK AG,"SCHAANER STRASSE 27, 9487 GAMPRIN-BENDERN, PRINCIPALITY OF LIECHTENSTEIN",,Local Representative Office
47,"59-63/F, TWO INTERNATIONAL FINANCE CENTRE, 8 FINANCE STREET, CENTRAL, HONG KONG.",BNP PARIBAS,"16, BOULEVARD DES ITALIENS, 75009 PARIS, FRANCE.",http://apps.hkma.gov.hk/eng/index.php?c=search&m=search_by_institution&ri=100079,Licensed Bank
48,"21/F, PCCW TOWER, TAIKOO PLACE, 979 KING'S ROAD, QUARRY BAY, HONG KONG.",BNP PARIBAS SECURITIES SERVICES,"3 RUE D'ANTIN, 75002 PARIS, FRANCE.",http://apps.hkma.gov.hk/eng/index.php?c=search&m=search_by_institution&ri=100294,Licensed Bank
49,"5/F, LHT TOWER, 31 QUEEN'S ROAD CENTRAL, HONG KONG",BPI INTERNATIONAL FINANCE LIMITED,,http://apps.hkma.gov.hk/eng/index.php?c=search&m=search_by_institution&ri=300006,Deposit-taking Company
50,"SUITE 2918, 29/F, TWO PACIFIC PLACE, 88 QUEENSWAY, HONG KONG.",CA INDOSUEZ (SWITZERLAND) SA,"4, QUAI G-N-RAL-GUISAN, 1204 GENEVA, SWITZERLAND.",http://apps.hkma.gov.hk/eng/index.php?c=search&m=search_by_institution&ri=100303,Licensed Bank
51,"UNIT 12A, 12TH FLOOR, NO. 33 DES VOEUX ROAD CENTRAL, CENTRAL, HONG KONG",CAIXABANK S.A.,"PINTOR SOROLLA, 2-4 IN VALENCIA, SPAIN",,Local Representative Office
52,"SUITE 3602, 36/F., CHEUNG KONG CENTER, 2 QUEEN'S ROAD CENTRAL, HONG KONG.",CANADIAN IMPERIAL BANK OF COMMERCE,"COMMERCE COURT, TORONTO, ONTARIO M5L 1A2, CANADA.",http://apps.hkma.gov.hk/eng/index.php?c=search&m=search_by_institution&ri=100099,Licensed Bank
53,"4206-07, 42/F, HOPEWELL CENTRE, NO. 183 QUEEN'S ROAD EAST, WANCHAI, HONG KONG",CANARA BANK,"112, J.C. ROAD, BANGALORE - 560 002, INDIA",,Licensed Bank
54,"3008, 30/F, TOWER 2, THE GATEWAY, 25 CANTON ROAD, TSIM SHA TSUI, KOWLOON",CATHAY BANK,"777 NORTH BROADWAY, LOS ANGELES, CA 90012, U.S.A.",,Licensed Bank
55,"10/F, LEE GARDEN THREE, 1 SUNNING ROAD, CAUSEWAY BAY, HONG KONG","CATHAY UNITED BANK COMPANY, LIMITED","1/F, NO. 7, SONGREN ROAD, TAIPEI CITY 110, TAIWAN.",http://apps.hkma.gov.hk/eng/index.php?c=search&m=search_by_institution&ri=100252,Licensed Bank
56,"1401, TOWER II, THE GATEWAY, 25 CANTON ROAD, KOWLOON.","CHANG HWA COMMERCIAL BANK, LTD.","NO. 38, SECTION 2, ZIYOU ROAD, CENTRAL DIST., TAICHUNG CITY, TAIWAN",http://apps.hkma.gov.hk/eng/index.php?c=search&m=search_by_institution&ri=100223,Licensed Bank
57,"6TH FLOOR, CHAU'S COMMERCIAL CENTRE, 284 SHA TSUI ROAD, TSUEN WAN, N.T.",CHAU'S BROTHERS FINANCE COMPANY LIMITED,,,Deposit-taking Company
58,"UNIT 2510, ONE PACIFIC PLACE, 88 QUEENSWAY, CENTRAL, HONG KONG.","CHIBA BANK, LTD. (THE)","1-2, CHIBA-MINATO, CHUO-KU CHIBA, JAPAN.",,Licensed Bank
59,"ROOM 1201-1209 & 1215-1216, 12/F, TWO INTERNATIONAL FINANCE CENTRE, 8 FINANCE STREET, CENTRAL, HONG KONG","CHINA BOHAI BANK CO., LTD.","218 HAIHE EAST ROAD, HEDONG DISTRICT, TIANJIN, PEOPLES' REPUBLIC OF CHINA",,Local Representative Office
60,"61-65, DES VOEUX ROAD CENTRAL, HONG KONG",CHINA CITIC BANK INTERNATIONAL LIMITED,,http://apps.hkma.gov.hk/eng/index.php?c=search&m=search_by_institution&ri=100040,Licensed Bank
61,"28/F, CCB TOWER, NO. 3 CONNAUGHT ROAD CENTRAL, CENTRAL, HONG KONG.",CHINA CONSTRUCTION BANK (ASIA) CORPORATION LIMITED,,http://apps.hkma.gov.hk/eng/index.php?c=search&m=search_by_institution&ri=100015,Licensed Bank
62,"28/F, CCB TOWER, NO. 3 CONNAUGHT ROAD CENTRAL, CENTRAL, HONG KONG.",CHINA CONSTRUCTION BANK CORPORATION,"NO.25, FINANCIAL STREET, XICHENG DISTRICT, BEIJING, P.R. CHINA",http://apps.hkma.gov.hk/eng/index.php?c=search&m=search_by_institution&ri=100234,Licensed Bank
63,"33/F, ONE INTERNATIONAL FINANCE CENTRE, NO.1 HARBOUR VIEW STREET, CENTRAL, HONG KONG.",CHINA DEVELOPMENT BANK,"NO. 18, FUXINGMENNEI STREET, XICHENG DISTRICT, BEIJING, P.R. CHINA",,Licensed Bank
64,"17/F AND 30/F, FAR EAST FINANCE CENTRE, 16 HARCOURT ROAD, HONG KONG.","CHINA EVERBRIGHT BANK CO., LTD.","CHINA EVERBRIGHT CENTER, NO. 25 TAIPINGQIAO AVENUE, XICHENG DISTRICT, BEIJING, P.R. CHINA",http://apps.hkma.gov.hk/eng/index.php?c=search&m=search_by_institution&ri=100314,Licensed Bank
65,"ROOM 3002, NINE QUEEN'S ROAD CENTRAL, HONG KONG.","CHINA GUANGFA BANK CO., LTD.","NO. 713 DONGFENGDONG ROAD, YUEXIU DISTRICT, GUANGZHOU, P.R. CHINA.",,Local Representative Office
66,"27/F - 31/F, THREE EXCHANGE SQUARE, 8 CONNAUGHT PLACE, CENTRAL, HONG KONG.","CHINA MERCHANTS BANK CO., LTD.","CHINA MERCHANTS BANK TOWER, 7088 SHENNAN BOULEVARD, SHENZHEN, CHINA.",http://apps.hkma.gov.hk/eng/index.php?c=search&m=search_by_institution&ri=100255,Licensed Bank
67,"40/F AND 4106-08, 41/F, TWO INTERNATIONAL FINANCE CENTRE, 8 FINANCE STREET, CENTRAL, HONG KONG","CHINA MINSHENG BANKING CORP., LTD.","NO. 2, FUXINGMENNEI AVENUE, XICHENG DISTRICT, BEIJING, CHINA 100031.",http://apps.hkma.gov.hk/eng/index.php?c=search&m=search_by_institution&ri=100311,Licensed Bank
68,"15TH FLOOR, THREE EXCHANGE SQUARE, NO. 8 CONNAUGHT PLACE, CENTRAL, HONG KONG","CHINA ZHESHANG BANK CO., LTD.","288 QING CHUN LU, HANGZHOU, ZHENJIANG, POSTCODE 310006, PEOPLE'S REPUBLIC OF CHINA",,Licensed Bank
69,"74-78 DES VOEUX ROAD CENTRAL, HONG KONG.",CHIYU BANKING CORPORATION LIMITED,,http://apps.hkma.gov.hk/eng/index.php?c=search&m=search_by_institution&ri=100064,Licensed Bank
70,"GROUND FLOOR, CHONG HING BANK CENTRE, 24 DES VOEUX ROAD CENTRAL, HONG KONG.",CHONG HING BANK LIMITED,,http://apps.hkma.gov.hk/eng/index.php?c=search&m=search_by_institution&ri=100039,Licensed Bank
71,"GROUND FLOOR, CHONG HING BANK CENTRE, 24 DES VOEUX ROAD CENTRAL, HONG KONG.",CHONG HING FINANCE LIMITED,,,Deposit-taking Company
72,"ROOMS 601 & 609-610, 6TH FLOOR, GLOUCESTER TOWER, THE LANDMARK, 15 QUEEN'S ROAD CENTRAL, HONG KONG.","CHUGOKU BANK, LTD (THE)","1-15-20, MARUNOUCHI, KITA-KU, OKAYAMA, JAPAN.",,Licensed Bank
73,"25TH FLOOR, GLOUCESTER TOWER, THE LANDMARK, 15 QUEEN'S ROAD CENTRAL, HONG KONG",CIMB BANK BERHAD,"LEVEL 17, MENARA CIMB, JALAN STESEN SENTRAL 2, KUALA LUMPUR SENTRAL, 50470 KUALA LUMPUR, MALAYSIA",http://apps.hkma.gov.hk/eng/index.php?c=search&m=search_by_institution&ri=100315,Licensed Bank
74,"CITI TOWER, ONE BAY EAST, NO. 83 HOI BUN ROAD, KWUN TONG, KOWLOON",CITIBANK (HONG KONG) LIMITED,,http://apps.hkma.gov.hk/eng/index.php?c=search&m=search_by_institution&ri=100270,Licensed Bank
75,"50TH FLOOR, CHAMPION TOWER, 3 GARDEN ROAD, CENTRAL, HONG KONG.","CITIBANK, N.A.","388 GREENWICH STREET, NEW YORK, NY 10013, USA",http://apps.hkma.gov.hk/eng/index.php?c=search&m=search_by_institution&ri=100008,Licensed Bank
76,"50TH FLOOR, CHAMPION TOWER, 3 GARDEN ROAD, CENTRAL, HONG KONG.",CITICORP INTERNATIONAL LIMITED,,http://apps.hkma.gov.hk/eng/index.php?c=search&m=search_by_institution&ri=200036,Restricted Licence Bank
77,"2904-7, 29/F, MAN YEE BUILDING, 68 DES VOEUX ROAD CENTRAL, HONG KONG.",CLEARSTREAM BANKING S.A.,"42 AVENUE JF KENNEDY, L-1855 LUXEMBOURG.",,Local Representative Office
78,"43-49 DES VOEUX ROAD CENTRAL, HONG KONG.",CMB WING LUNG BANK LIMITED,,http://apps.hkma.gov.hk/eng/index.php?c=search&m=search_by_institution&ri=100042,Licensed Bank
79,"15/F, LEE GARDEN ONE, 33 HYSAN AVENUE, CAUSEWAY BAY, HONG KONG.",COMMERZBANK AG,NEUE MAINZER STRASSE 32-36 60311 FRANKFURT AM MAIN GERMANY.,http://apps.hkma.gov.hk/eng/index.php?c=search&m=search_by_institution&ri=100100,Licensed Bank
80,"14TH FLOOR, ONE EXCHANGE SQUARE, 8 CONNAUGHT PLACE, CENTRAL, HONG KONG.",COMMONWEALTH BANK OF AUSTRALIA,"GROUND FLOOR, TOWER 1, 201 SUSSEX STREET SYDNEY, AUSTRALIA.",http://apps.hkma.gov.hk/eng/index.php?c=search&m=search_by_institution&ri=100165,Licensed Bank
81,"11/F., WYNDHAM PLACE, 40-44 WYNDHAM STREET, CENTRAL, HONG KONG.",COMMONWEALTH FINANCE CORPORATION LIMITED,,,Deposit-taking Company
82,"13/F, ONE PACIFIC PLACE, 88 QUEENSWAY, HONG KONG",COÖPERATIEVE RABOBANK U.A.,"CROESELAAN 18, 3521 CB UTRECHT, THE NETHERLANDS.",http://apps.hkma.gov.hk/eng/index.php?c=search&m=search_by_institution&ri=100197,Licensed Bank
83,"21/F, BUPA CENTRE, 141-143 CONNAUGHT ROAD WEST, SAI YING PUN, HONG KONG",CORPORATE FINANCE (D.T.C.) LIMITED,,,Deposit-taking Company
84,"LEVEL 23, ONE ISLAND EAST, 18 WESTLANDS ROAD, ISLAND EAST, HONG KONG",COUTTS & CO AG,"LERCHENSTRASSE 18, 8045 ZURICH, SWITZERLAND",http://apps.hkma.gov.hk/eng/index.php?c=search&m=search_by_institution&ri=100222,Licensed Bank
85,"SUITES 2512-2515, 26-27/F & 30/F, TWO PACIFIC PLACE, 88 QUEENSWAY, HONG KONG.",CREDIT AGRICOLE CORPORATE AND INVESTMENT BANK,"12, PLACE DES ETATS UNIS - CS 70052-92547 MONTROUGE CEDEX, FRANCE",http://apps.hkma.gov.hk/eng/index.php?c=search&m=search_by_institution&ri=100086,Licensed Bank
86,"22/F, CENTRAL TOWER, 28 QUEEN'S ROAD CENTRAL, HONG KONG",CREDIT INDUSTRIEL ET COMMERCIAL,"6 AVENUE DE PROVENCE, 75009 PARIS, FRANCE.",,Licensed Bank
87,"LEVEL 88, INTERNATIONAL COMMERCE CENTRE, 1 AUSTIN ROAD WEST, KOWLOON.",CREDIT SUISSE AG,"PARADEPLATZ 8, CH-8001 ZURICH, SWITZERLAND.",http://apps.hkma.gov.hk/eng/index.php?c=search&m=search_by_institution&ri=100248,Licensed Bank
88,"ROOM 2801, 28 FLOOR, TWO INTERNATIONAL FINANCE CENTRE, 8 FINANCE STREET, CENTRAL, HONG KONG.","CTBC BANK CO., LTD.","NO. 166, NO. 168, NO. 170, JINGMAO 2ND ROAD, NANGANG DISTRICT, TAIPEI, TAIWAN.",http://apps.hkma.gov.hk/eng/index.php?c=search&m=search_by_institution&ri=100242,Licensed Bank
89,"36TH FLOOR, EVERBRIGHT CENTRE, 108 GLOUCESTER ROAD, HONG KONG","DAH SING BANK, LIMITED",,http://apps.hkma.gov.hk/eng/index.php?c=search&m=search_by_institution&ri=100006,Licensed Bank
90,"11TH FLOOR, THE CENTER, 99 QUEEN'S ROAD CENTRAL, HONG KONG.",DBS BANK (HONG KONG) LIMITED,,http://apps.hkma.gov.hk/eng/index.php?c=search&m=search_by_institution&ri=100034,Licensed Bank
91,"18TH FLOOR, THE CENTER, 99 QUEEN'S ROAD CENTRAL, HONG KONG.",DBS BANK LTD.,"12 MARINA BOULEVARD, MARINA BAY FINANCIAL CENTRE TOWER 3, SINGAPORE 018982.",http://apps.hkma.gov.hk/eng/index.php?c=search&m=search_by_institution&ri=100199,Licensed Bank
92,"LEVEL 52, INTERNATIONAL COMMERCE CENTRE, 1 AUSTIN ROAD WEST, KOWLOON.",DEUTSCHE BANK AKTIENGESELLSCHAFT,"TAUNUSANLAGE 12, 60325 FRANKFURT, FEDERAL REPUBLIC OF GERMANY.",http://apps.hkma.gov.hk/eng/index.php?c=search&m=search_by_institution&ri=100085,Licensed Bank
93,"LEVEL 16, THE HONG KONG CLUB BUILDING, 3A CHATER ROAD, CENTRAL, HONG KONG",DOHA BANK Q.P.S.C.,"DOHA BANK, HEAD OFFICE TOWER, CORNICHE STREET, WEST BAY, P.O. BOX: 3818, DOHA, STATE OF QATAR.",,Local Representative Office
94,"LEVEL 17, SILVERCORD, TOWER 2, 30 CANTON ROAD, TSIM SHA TSUI, KOWLOON.",DUKASCOPY BANK SA,"ROUTEDE PRE-BOIS 20, CH-1215 GENEVA 15, SWITZERLAND.",,Local Representative Office
95,"9/F., ADMIRALTY CENTRE, TOWER II, 18 HARCOURT ROAD, HONG KONG.","DZ BANK AG DEUTSCHE ZENTRAL-GENOSSENSCHAFTSBANK, FRANKFURT AM MAIN","AM PLATZ DER REPUBLIK, 60325 FRANKFURT AM MAIN, GERMANY.",,Licensed Bank
96,"SUITE 2710-13, 27/F AND 28/F, TOWER 6, THE GATEWAY, 9 CANTON ROAD, TSIMSHATSUI, KOWLOON.","E.SUN COMMERCIAL BANK, LTD.","NO. 117, SEC.3, MINSHENG E. ROAD, SONGSHAN DISTRICT, TAIPEI CITY 105-46, TAIWAN",http://apps.hkma.gov.hk/eng/index.php?c=search&m=search_by_institution&ri=100264,Licensed Bank
97,"SUITE 1108, 11/F, TWO INTERNATIONAL FINANCE CENTRE, 8 FINANCE STREET, CENTRAL, HONG KONG.",EAST WEST BANK,"135N. LOS ROBLES AVE., 7TH FLOOR, PASADENA, CA 91101 UNITED STATES.",http://apps.hkma.gov.hk/eng/index.php?c=search&m=search_by_institution&ri=100278,Licensed Bank
98,"LEVEL 18,UNITS 1901 & 1908 ON LEVEL 19, INTERNATIONAL COMMERCE CENTRE, 1 AUSTIN ROAD WEST, KOWLOON.",EFG BANK AG,"BLEICHERWEG 8, 8001 ZURICH, SWITZERLAND.",http://apps.hkma.gov.hk/eng/index.php?c=search&m=search_by_institution&ri=100254,Licensed Bank
99,"UNITS 08 TO 13, 3RD FLOOR, FAR EAST FINANCE CENTRE, 16 HARCOURT ROAD, ADMIRALTY, HONG KONG",ERSTE GROUP BANK AG,"AM BELVEDERE 1, 1100 WIEN, AUSTRIA",,Licensed Bank
