,business_address,conditions,current_registration,name,name_tc,public_disciplinary_action,reg_code,registration_history
0,,,,"-, ANKIT GARG",,"[{'rec_pub_dis_act_by_sfc': None, 'rec_pub_dis_act_by_hkma': None}]",AH7585,"[{'reg_code': 'AH7585', 'reg_inst_name': 'STANDARD CHARTERED BANK (HONG KONG) LIMITED', 'reg_act': 'Type 6: advising on corporate finance', 'effective_period': '24 Sep 2018 - 26 Sep 2018', 'is_eo': 'No'}, {'reg_code': 'AH7585', 'reg_inst_name': 'STANDARD CHARTERED BANK (HONG KONG) LIMITED', 'reg_act': 'Type 6: advising on corporate finance', 'effective_period': '10 Apr 2018 - 13 Apr 2018', 'is_eo': 'No'}]"
1,,,,"-, HITESH GIRISH",,"[{'rec_pub_dis_act_by_sfc': None, 'rec_pub_dis_act_by_hkma': None}]",AH5869,"[{'reg_code': 'AH5869', 'reg_inst_name': 'STANDARD CHARTERED BANK (HONG KONG) LIMITED', 'reg_act': 'Type 1: dealing in securities', 'effective_period': '24 Sep 2017 - 25 Sep 2017', 'is_eo': 'No'}, {'reg_code': 'AH5869', 'reg_inst_name': 'STANDARD CHARTERED BANK (HONG KONG) LIMITED', 'reg_act': 'Type 4: advising on securities', 'effective_period': '24 Sep 2017 - 25 Sep 2017', 'is_eo': 'No'}, {'reg_code': 'AH5869', 'reg_inst_name': 'STANDARD CHARTERED BANK (HONG KONG) LIMITED', 'reg_act': 'Type 6: advising on corporate finance', 'effective_period': '24 Sep 2017 - 25 Sep 2017', 'is_eo': 'No'}]"
2,,,,"-, LAKSHMI KAILAS",,"[{'rec_pub_dis_act_by_sfc': None, 'rec_pub_dis_act_by_hkma': None}]",AE4850,"[{'reg_code': 'AE4850', 'reg_inst_name': 'ROYAL BANK OF SCOTLAND N.V. (THE)', 'reg_act': 'Type 1: dealing in securities', 'effective_period': '10 Dec 2009 - 04 Jun 2010', 'is_eo': 'No'}, {'reg_code': 'AE4850', 'reg_inst_name': 'ROYAL BANK OF SCOTLAND N.V. (THE)', 'reg_act': 'Type 6: advising on corporate finance', 'effective_period': '10 Dec 2009 - 04 Jun 2010', 'is_eo': 'No'}]"
3,,,,"-, RACHIT RAJ",,"[{'rec_pub_dis_act_by_sfc': None, 'rec_pub_dis_act_by_hkma': None}]",AG8737,"[{'reg_code': 'AG8737', 'reg_inst_name': 'UBS AG', 'reg_act': 'Type 1: dealing in securities', 'effective_period': '27 Aug 2015 - 04 Sep 2015', 'is_eo': 'No'}]"
4,,,,"-, RAGHAVENDRA NARAYANAN",,"[{'rec_pub_dis_act_by_sfc': None, 'rec_pub_dis_act_by_hkma': None}]",AH0707,"[{'reg_code': 'AH0707', 'reg_inst_name': 'DEUTSCHE BANK AKTIENGESELLSCHAFT', 'reg_act': 'Type 1: dealing in securities', 'effective_period': '15 Mar 2018 - 14 Sep 2018', 'is_eo': 'No'}, {'reg_code': 'AH0707', 'reg_inst_name': 'DEUTSCHE BANK AKTIENGESELLSCHAFT', 'reg_act': 'Type 1: dealing in securities', 'effective_period': '19 Feb 2016 - 22 Feb 2016', 'is_eo': 'No'}]"
