,effective_date,licence_no,local_address,name
0,2016-11-04,SVF0010,"Suite 2001, Tower 1, China Hong Kong City, 33 Canton Road, Tsim Sha Tsui, Kowloon, Hong Kong",33 Financial Services Limited
1,2016-08-25,SVF0004,"26/F., Tower One, Times Square, 1 Matheson Street, Causeway Bay, Hong Kong",Alipay Financial Services (HK) Limited
2,2016-11-04,SVF0012,"11/F., Tower A, Billion Centre, 1 Wang Kwong Road, Kowloon Bay, Kowloon, Hong Kong",Autotoll Limited
3,2016-11-04,SVF0011,"Unit H, 25/F., Legend Tower, 7 Shing Yip Street, Kwun Tong, Kowloon, Hong Kong","ePaylinks Technology Co., Limited"
4,2019-05-10,SVF0015,"Suite 2116-2118, Metropolis Tower, 10 Metropolis Drive, Hung Hom, Kowloon, Hong Kong",Geoswift Cards Services Limited
5,2016-08-25,SVF0002,"39th Floor, PCCW Tower, Taikoo Place, 979 King’s Road, Quarry Bay, Hong Kong",HKT Payment Limited
6,2016-11-04,SVF0007,"Room 3309, 33/F, Hopewell Centre, 183 Queens Road East, Hong Kong",K & R International Limited
7,2016-11-13,SVF0001,"46/F., Manhattan Place, 23 Wang Tai Road, Kowloon Bay, Hong Kong",Octopus Cards Limited
8,2016-11-04,SVF0006,"Unit 405, Tower 2, Lippo Centre, 89 Queensway, Admiralty, Hong Kong",Optal Asia Limited
9,2016-11-04,SVF0008,"Room 1506-1507, 15/F., Central Plaza, 18 Harbour Road, Wanchai, Hong Kong",PayPal Hong Kong Limited
10,2016-08-25,SVF0003,"21/F., Olympia Plaza, 255 King's Road, North Point, Hong Kong",TNG (Asia) Limited
11,2016-11-04,SVF0013,"Suite 3203, 32/F., AIA Kowloon Tower, Landmark East, 100 How Ming Street, Kwun Tong, Kowloon, Hong Kong","Transforex (Hong Kong) Investment Consulting Co., Limited"
12,2016-11-04,SVF0009,"Room 507, Greenfield Tower, Concordia Plaza, No. 1 Science Museum Road, Tsim Sha Tsui, Kowloon, Hong Kong",UniCard Solution Limited
13,2016-08-25,SVF0005,"Level 29, Three Pacific Place, 1 Queen's Road East, Wanchai, Hong Kong",WeChat Pay Hong Kong Limited
14,2019-05-10,SVF0014,"Skyview, Capella HTR, 47 Hung To Road, Kwun Tong, Kowloon, Hong Kong",Yintran Group Holdings Limited
