,ba_acctopenbh_remark,ba_acctopenbh_url,ba_contact_email,ba_contact_fax,ba_contact_mobile,ba_contact_person,ba_contact_remark,ba_contact_tel,ba_contact_url,ba_hotline_remark,ba_hotline_tel,ba_inforeq_remark,ba_inforeq_url,ba_onlappl_remark,ba_onlappl_url,ba_onlappo_remark,ba_onlappo_url,ba_service_remark,ba_service_url,bank_info_name,bank_info_remark,bank_info_type,bank_info_url,pa_acctopenbh_remark,pa_acctopenbh_url,pa_contact_email,pa_contact_fax,pa_contact_mobile,pa_contact_person,pa_contact_remark,pa_contact_tel,pa_contact_url,pa_hotline_remark,pa_hotline_tel,pa_inforeq_remark,pa_inforeq_url,pa_onlappl_remark,pa_onlappl_url,pa_onlappo_remark,pa_onlappo_url,pa_service_remark,pa_service_url
0,"Designated branch for opening accounts (overseas enterprise): Bank of China Tower branch, 1 Garden Road, H.K.",http://www.bochk.com/en/branch.html,,,,,,,,Dedicated hotline for account opening of overseas enterprises: (852) 3988 2195,(852) 3988 2288,,http://www.bochk.com/en/smeinone/business/acopen.html,,,,https://www.bochk.com/en/contact/online/hkbizaccountopen.html,,,Bank of China (Hong Kong) Limited,,Retail bank,http://www.bochk.com/,,http://www.bochk.com/en/branch.html,,,,,,,,,(852) 3988 2388,,http://www.bochk.com/dam/bochk/desktop/interface/AC_Open_en.pdf,,,,https://www.bochk.com/en/contact/online/hkpaccountopen.html,,
1,,http://www.hk.bankcomm.com/hk/shtml/hk/en/2005773/2005776/2005777/list.shtml?channelId=2005773,,,,,,,,,(852) 2239 5559,,http://www.hk.bankcomm.com/hk/shtml/hk/en/2005674/2005677/2008773/list.shtml?channelId=2005674,,,,,,,Bank of Communications (Hong Kong) Limited,,Retail bank,http://www.bankcomm.com.hk/hk/shtml/bhk/en/2012890/list.shtml?channelId=2012890,,http://www.hk.bankcomm.com/hk/shtml/hk/en/2005773/2005776/2005777/list.shtml?channelId=2005773,,,,,,,,,(852) 2239 5559,,http://www.hk.bankcomm.com/hk/shtml/hk/en/2005575/2600013/list.shtml?channelId=2005575,,,,http://www.hk.bankcomm.com/hk/shtml/hk/en/2005575/2008207/list.shtml?channelId=2005575,,
2,,http://www.bankcomm.com.hk/hk/shtml/bhk/en/2012886/2012943/2013856/list.shtml?channelId=2012886,,,,,,,,,(852) 3989 5559,,http://www.bankcomm.com.hk/hk/shtml/bhk/en/2012889/2500195/2500196/list.shtml?channelId=2012889,,,,,,,"Bank of Communications Co., Ltd. ",,Retail bank,http://www.bankcomm.com.hk/hk/shtml/bhk/en/2012890/list.shtml?channelId=2012890,,,,,,,,,,,,,,,,,,,
3,,https://www.hkbea.com/html/en/branches_main.html,,,,,,,,,(852) 2211 1333,,https://www.hkbea.com/html/en/bea-personal-banking-documents-required-to-open-corporate-accounts.html,,,,https://ww2.hkbea-cyberbanking.com/servlet/OA011Show?Lang=Eng,,,"The Bank of East Asia, Limited",,Retail bank,https://www.hkbea.com/html/en/index.html,,https://www.hkbea.com/html/en/branches_main.html,,,,,,,,,(852) 2211 1333,,https://www.hkbea.com/html/en/bea-personal-banking-documents-required-to-open-individual-accounts.html,,,,https://ww2.hkbea-cyberbanking.com/servlet/OA011Show?Lang=Eng,,
4,,https://www.cncbinternational.com/sme/en/index.jsp,,,,,,,,,(852) 2287 6767,,https://www.cncbinternational.com/_document/footer/bus_account_opening_process_en.pdf,,,,,,,China CITIC Bank International Limited,,Retail bank,http://www.cncbinternational.com/home/en/index.jsp,,https://www.cncbinternational.com/contact-us/branches/en/index.jsp,,,,,,,,,(852) 2287 6767,,https://www.cncbinternational.com/_document/ personal/deposits/en/personal_account_opening_process.pdf ,,https://www.cncbinternational.com/personal/e-banking/inmotion/en/index.html,,,,
5,,http://www.asia.ccb.com/hongkong/personal/banking_channels/atm_banking_locator.html,,,,,,,,,(852) 2903 8366,,http://www.asia.ccb.com/hongkong/doc/commercial/account_opening_document_requirement.pdf,,,,,,,China Construction Bank (Asia) Corporation Limited,,Retail bank,http://www.asia.ccb.com/hongkong/personal/,,http://www.asia.ccb.com/hongkong/personal/banking_channels/atm_banking_locator.html#a02,,,,,,,,,(852) 2903 8303,,https://online.asia.ccb.com/PersonalHKWeb/servlet/EnrollmentServlet?Lang=english&tc=account,,,,https://online.asia.ccb.com/PersonalHKWeb/servlet/EnrollmentServlet?Lang=english&tc=account,,
6,,http://www.chiyubank.com/chiyu/en_bankinfo5_4.htm,,,,,,,,,(852) 2232 3625,,http://www.chiyubank.com/chiyu/en_downloads2_1.htm,,,,,,,Chiyu Banking Corporation Limited,,Retail bank,http://www.chiyubank.com/chiyu/en_index.htm,,http://www.chiyubank.com/chiyu/en_bankinfo5_4.htm,,,,,,,,,(852) 2232 3625,,http://www.chiyubank.com/chiyu/en_downloads2_1.htm,,,,https://www.chiyubank.com/chiyu/en_bankinfo5_5_1.htm,,
7,,http://www.chbank.com/en/personal/footer/about-ch-bank/branches/index.shtml,,,,,,,,,(852) 3768 6888,,http://www.chbank.com/en/commercial/banking-services/banking-services/notes-for-corporate-account-opening/index.shtml,,,,,,,Chong Hing Bank Limited,,Retail bank,http://www.chbank.com/en/homepage.shtml,,http://www.chbank.com/en/personal/footer/about-ch-bank/branches/index.shtml,,,,,,,,,(852) 3768 6888,,http://www.chbank.com/en/personal/banking-services/useful-information/documents-required/index.shtml,,,,http://www.chbank.com/en/personal/digital-services/online-applications/index.shtml,,
8,,https://www.citibank.com.hk/english/citibusiness/citibusiness-commercial-bank-center.htm?lid=HKENCBLCZCATLCitibusinessCenterNetworkCZPO,,,,,,,,,(852) 2860 0267,,https://www.citibank.com.hk/english/citibusiness/Pdf/Citibusiness_Document_Requirement_Factsheet.pdf,,,,,,,Citibank (Hong Kong) Limited,,Retail bank,https://www.citibank.com.hk/portal/home_english/hkcb_Home.htm,,https://www.citibank.com.hk/english/ways-to-bank/branch-locations.htm,,,,,,,,,(852) 2860 0333,,https://www.citibank.com.hk/english/banking/pdf/Personal_Account_Opening_Checklist_ENG.pdf,,,,https://www.citibank.com.hk/english/banking/banking.htm?lid=HKENCBGHOHETLHOnking,,
9,,http://www.cmbwinglungbank.com/wlb_corporate/en/about-us/service-guide/contact-us/atm-and-branches/index.html,,,,,,,,,(852) 2309 5555,,http://www.cmbwinglungbank.com/wlb_corporate/en/commercial/cash-management/deposits/documents-required-for-opening-account/index.html,,,,,,,CMB Wing Lung Bank Limited,,Retail bank,http://www.cmbwinglungbank.com/wlb_corporate/en/index.html,,http://www.cmbwinglungbank.com/wlb_corporate/en/about-us/service-guide/contact-us/atm-and-branches/index.html,,,,,,,,,(852) 2309 5555,,http://www.cmbwinglungbank.com/wlb_corporate/en/personal/deposits/documents-required-for-opening-account/index.html,,,(Presently only available for Mainland Chinese customers),http://www.cmbwinglungbank.com/wlb_corporate/en/about-us/service-guide/apply-now/account-opening-appointment.html,,
10,,http://www.dahsing.com/html/en/branch/branch.html,,,,,,,,,(852) 2828 8008,,http://www.dahsing.com/html/en/sme/sme_app_document_list.html,,http://www.dahsing.com/html/en/sme/sme_banking.html,,,,,"Dah Sing Bank, Limited",,Retail bank,http://www.dahsing.com/html/en/index.html,,http://www.dahsing.com/html/en/branch/branch.html,,,,,,,,,(852) 2828 8000,,http://www.dahsing.com/en/pdf/deposit/dp_Document_required_for_DSB_Eng_finalized.pdf,,,e-Express Bank Account Application,http://www.dahsing.com/deposit/express/en,,
11,,https://www.dbs.com.hk/sme/sme-banking-centres.page,,,,,,,,,(852) 2290 8068,,https://www.dbs.com.hk/sme/list/form-list.page,,https://www.dbs.com.hk/sme/dbs-forms/accounts/oas/account-open-new.page?pid=hkbc_oaos_e,,,,,DBS Bank (Hong Kong) Limited,,Retail bank,https://www.dbs.com.hk/index/default.page,,https://www.dbs.com.hk/index/locator.page,,,,,,,,,(852) 2290 8888,,https://www.dbs.com.hk/personal/how-to-apply-personal-bank-acct.page,,,,,,
12,,http://www.fubonbank.com.hk/en/branch-locator.html,,,,,,,,,(852) 2806 4327,,http://www.fubonbank.com.hk/en/open-bank-account.html,,,,,,,Fubon Bank (Hong Kong) Limited,,Retail bank,http://www.fubonbank.com.hk/en/home.html,,http://www.fubonbank.com.hk/en/branch-locator.html,,,,,,,,,(852) 2806 4327,,http://www.fubonbank.com.hk/en/open-bank-account.html,,,,,,
13,,https://www.hangseng.com/en-hk/contact-us/sme-centres/ ,,,,,,,,,(852) 2198 8000,,https://www.hangseng.com/en-hk/business/your-business-essentials/account-ibs-account/,,,,https://www.biz-ebanking.hangseng.com/portalserver/en-hk/business-account,,,"Hang Seng Bank, Limited",,Retail bank,http://www.hangseng.com/,,https://bank.hangseng.com/1/2/contact-us/branch-addresses,,,,,,,,, (852) 2822 0228,,https://bank.hangseng.com/1/PA_1_2_S5/content/pws/personal/bankingservices/pdfs/account_opening_document_checklist.pdf,,https://bank.hangseng.com/1/2/personal/banking-services,,,,
14,,http://www.business.hsbc.com.hk/en-gb/everyday-banking/ways-to-bank/hsbc-business-centres,,,,,,,,,(852) 2748 8238,,https://www.business.hsbc.com.hk/en-gb/hk/generic/document-checklist,,http://www.business.hsbc.com.hk/en-gb/everyday-banking/business-integrated-accounts/hsbc-business-direct,,,,,The Hongkong and Shanghai Banking Corporation Limited,,Retail bank,https://www.hsbc.com.hk/index.html,,https://www.hsbc.com.hk/personal/contact-us/branch-locator.html,,,,,,,,,(852) 2233 3000,,https://www.personal.hsbc.com.hk/1/content/hongkongpws/pdf/applyaccount_note.pdf,,,,https://www.hsbc.com.hk/personal/personal-integrated-account.html,,
15,"Designated branches for opening accounts (overseas enterprise)  1) 1/F., 9 Queen’s Road Central, Hong Kong 2) Shop 1&2, G/F, No. 35-37 Hankow Road, Tsim Sha Tsui, Kowloon ",http://www.icbcasia.com/ICBC/%E6%B5%B7%E5%A4%96%E5%88%86%E8%A1%8C/%E5%B7%A5%E9%93%B6%E4%BA%9A%E6%B4%B2/EN/About_Us/Contact_Us/Branches/default.htm,,,,,,,,Dedicated hotline for account opening of overseas enterprises: (852) 3510 8517,(852) 2189 5588 ,,http://www.icbcasia.com/ICBC/%E6%B5%B7%E5%A4%96%E5%88%86%E8%A1%8C/%E5%B7%A5%E9%93%B6%E4%BA%9A%E6%B4%B2/EN/Commercial/Business_Account/Business_Accouont_Opening/default.htm,,,,,,,Industrial and Commercial Bank of China (Asia) Limited,,Retail bank,http://www.icbcasia.com/ICBC/%E6%B5%B7%E5%A4%96%E5%88%86%E8%A1%8C/%E5%B7%A5%E9%93%B6%E4%BA%9A%E6%B4%B2/EN/,,http://www.icbcasia.com/ICBC/%E6%B5%B7%E5%A4%96%E5%88%86%E8%A1%8C/%E5%B7%A5%E9%93%B6%E4%BA%9A%E6%B4%B2/EN/About_Us/Contact_Us/Branches/default.htm,,,,,,,,,(852) 2189 5588,,http://www.icbcasia.com/ICBC/%E6%B5%B7%E5%A4%96%E5%88%86%E8%A1%8C/%E5%B7%A5%E9%93%B6%E4%BA%9A%E6%B4%B2/EN/Personal/Deposits/Savings/default.htm,,https://myebankasia.icbc.com.cn/icbc/abroadperbank/conformity/outerForward.jsp?areaCode=0110&dse_locale=zh-CN&addr_param=HKPortalForward&Language=en_us,,,,
16,,http://www.ncb.com.hk/nanyang_bank/eng/html/1121.html,,,,,,,,,(852) 2622 2633,,http://www.ncb.com.hk/nanyang_bank/eng/html/12211.html,,,,,,,"Nanyang Commercial Bank, Limited",,Retail bank,http://www.ncb.com.hk/nanyang_bank/eng/content1.html,,http://www.ncb.com.hk/nanyang_bank/eng/html/1121.html,,,,,,,,,(852) 2622 2633,,https://www.ncb.com.hk/nanyang_bank/eng/html/121152.html,,,,https://www.ncb.com.hk/nanyang_bank/eng/html/121152.html,,
17,,https://www.ocbcwhhk.com/about/en/who-we-are/branch-network.html,,,,,,,,,(852) 2633 0628,,http://www.ocbcwhhk.com/webpages/en-us/doc/download_form/pdf/Documents_AccountOpening.pdf,,,,https://www.ocbcwhhk.com/webpages/common/asp/form/sme_apply_form.asp?locale=en-us&reset=1,,,OCBC Wing Hang Bank Limited,,Retail bank,https://www.ocbcwhhk.com,,https://www.ocbcwhhk.com/about/en/who-we-are/branch-network.html,,,,,,,,,(852) 2815 9919,,http://www.ocbcwhhk.com/webpages/en-us/doc/download_form/pdf/Checklist_PersonalAccount.pdf,,,,,,
18,,http://www.publicbank.com.hk/en/about_us/branch_network,,,,,,,,,(852) 8107 0818,,http://www.publicbank.com.hk/en/commercial/deposit/document,,,,,,,Public Bank (Hong Kong) Limited,,Retail bank,http://www.publicbank.com.hk/en/home,,http://www.publicbank.com.hk/en/about_us/branch_network,,,,,,,,,(852) 8107 0818,,http://www.publicbank.com.hk/en/retail/deposit/document,,,,,,
19,,https://www.shacombank.com.hk/eng/main/atm.jsp,,,,,,,,,(852) 2818 0282,,http://www.shacombank.com.hk/eng/commercial/cash/savings/account.jsp,,,,,,,Shanghai Commercial Bank Limited,,Retail bank,http://www.shacombank.com.hk/eng/personal/index.jsp,,https://www.shacombank.com.hk/eng/main/atm.jsp,,,,,,,,,(852) 2818 0282,,http://www.shacombank.com.hk/eng/personal/deposits/current/account.jsp,,,,,,
20,,https://www.sc.com/hk/atm-branch-locator/,,,,,,,,,(852) 2886 6988,,https://www.sc.com/hk/business-accounts/account-opening/#businees-info,,https://forms.online.standardchartered.com/public_website/hongkong/sme_4in1/,,,,,Standard Chartered Bank (Hong Kong) Limited,,Retail bank,https://www.sc.com/hk/,,https://www.sc.com/hk/atm-branch-locator/,,,,,,,,,(852) 2886 8888,,https://www.sc.com/hk/_document/onlineapp-tc/onlineapp-document-casa/,,https://online.forms.standardchartered.com/public_website/hongkong/casa/application_form.html?Actype=HK_IDA&pid=main_nav_sa_en,,,,
21,,,,,,,,,,,(852) 2801 6579,,,,,,,,,Bangkok Bank Public Company Limited,,Non-retail bank,http://www.bangkokbank.com/,,,,,,,,,,,,,,,,,,,
22,,,,,,,,,http://www.bankofbaroda.hk/contact-us/,,(852) 2521 5166,,http://www.bankofbaroda.hk/downloads/,,,,,Review mechanism,http://www.bankofbaroda.hk/review-mechanism-for-unsuccessful-applicants/,Bank of Baroda,,Non-retail bank,http://www.bankofbaroda.hk/,,,,,,,,,,,,,,,,,,,
23,Branch for opening business accounts,https://www.bdo.com.ph/contact-us-1,,,,,,,,"For customers in Hong Kong: (852) 2868 0323, (852) 2901 0201 (English, Cantonese), (852) 2901 0223 (English, Fukienese, Tagalog) For overseas customers, International Toll-Free line is available: (International Access Code) + 800-8-6318000",(852) 2868 0323,Information and documents required for business account opening,https://www.bdo.com.ph/hong-kong/branch-banking/corporate-account,Application form,https://www.bdo.com.ph/hong-kong/downloadable-forms,,,Website,https://www.bdo.com.ph/hong-kong/products-and-services,"BDO Unibank, Inc.",,Non-retail bank,http://www.bdo.com.ph/hong-kong-branch,,,,,,,,,,,,,,,,,,,
24,,,operationshk@canarabank.com,,,"Mr. Paneeshayana M, Senior Manager (Operations)",,(852) 2866 9507,,,,,,,,,,,,Canara Bank,,Non-retail bank,,,,,,,,,,,,,,,,,,,,
25,,,CorporatesInternational.HongKong@Commerzbank.com,,,,,,,,(852) 3988 0949,,,,,,,General information,https://www.commerzbank.hk/,Commerzbank AG,,Non-retail bank,http://www.commerzbank.hk/,,,,,,,,,,,,,,,,,,,
26,,,,,,,,,,,(852) 2283 8838,,,,,,,General information,https://www.hlb.com.my/main/hongkong,Hong Leong Bank Berhad,,Non-retail bank,http://www.hlb.com.my/main/hongkong,,,,,,,,,,,,,,,,,,,
27,,,,,(852) 9732 0205,"Mr. PL Ramanathan, Assistant General Manager",,(852) 2522 7572,,,,,,,,,,General information,http://www.iobhongkong.com/,Indian Overseas Bank,,Non-retail bank,http://www.iobhongkong.com/,,,,,,,,,,,,,,,,,,,
28,,,,,,,"Address: Unit 1801-1805, 18/F, FWD Financial Centre, 308-320 Des Voeux Road, Central, Hong Kong",,,,(852) 2521 7321,,,,,,,,,National Bank of Pakistan,,Non-retail bank,,,,,,,,,,,,,,,,,,,,
29,,,simon.choikh@uobgroup.com ,,,"Mr. Simon Choi, First Vice President/Team Head, Corporates Wealth Management, Commercial Banking",,(852) 2820 6662,,,,,https://www.uobgroup.com/hk/assets/pdfs/Required_Documents_Account_Opening_Limited_Company.pdf,Application form,https://www.uobgroup.com/hk/resources/forms.html,,,,,United Overseas Bank Ltd.,,Non-retail bank,https://www.uobgroup.com/hk/,,,,,,,,,,,,,,,,,,,
