,alleged_name,fraud_website_address,issue_date,pr_url,scam_type
0,Bank of China (Hong Kong) Limited,https://www.cib-bochk.com,2019-08-29,https://www.bochk.com/dam/bochk/desktop/top/aboutus/pressrelease2/2019/20190828_01_Press_Release_EN.pdf,Fraudulent website
1,The Hongkong and Shanghai Banking Corporation Limited,,2019-08-27,https://www.about.hsbc.com.hk/-/media/hong-kong/en/news-and-media/190826-hsbc-warns-against-phishing-email-eng.pdf,Phishing email
2,Bank of Singapore Limited,hxxps://apkcombo[.]com/bank-of-singapore-events/me[.]doubledutch[.]tgjjg[.]bankofsingaporeevents/,2019-08-26,https://www.bankofsingapore.com/media-releases/2019/alert-on-fraudulent-mobile-application-26-aug-19.html,Suspicious Mobile App
3,"The Bank of East Asia, Limited",http://adamlar.icu/enjk2mk2ssmksm/hk_com.mtel.androidbea.php,2019-08-26,https://www.hkbea.com/pdf/en/about-bea/new-release/2019/20190826en.pdf,Fraudulent website
4,Bank of Singapore Limited,hxxps://apk4k[.]fun/app/com[.]bankofsingapore[.]digital,2019-08-23,https://www.bankofsingapore.com/media-releases/2019/alert-on-fraudulent-mobile-application-23aug2019.html,Suspicious Mobile App
5,Australia and New Zealand Banking Group Limited,https://apnatarka.com/old/wp-includes/customize/apib1anzcomapinetbank.html,2019-08-22,https://institutional.anz.com/content/dam/Institutional/markets/hk/Media%20Release_ANZ%20warns%20against%20phishing%20email_final.pdf,Fraudulent website and phishing email
6,The Hongkong and Shanghai Banking Corporation Limited,,2019-08-21,https://www.about.hsbc.com.hk/-/media/hong-kong/en/news-and-media/190821-hsbc-warns-against-phishing-email-eng.pdf,Phishing email
7,The Hongkong and Shanghai Banking Corporation Limited,,2019-08-20,https://www.about.hsbc.com.hk/-/media/hong-kong/en/news-and-media/190820-hsbc-warns-against-phishing-email-eng.pdf,Phishing email
8,Hong Leong Bank Berhad,https://www.hlbonice.com/home/index.html,2019-08-19,https://www.hlb.com.my/hk/en/personal-banking/events-news/hlb-hk-statement-on-phishing-and-fraudulent-email-august-2019.html,Fraudulent website and phishing email
9,Bank of Singapore Limited,http://digitalbadger.org/its-a-sad-day-for-the-singapore-dollar-for-years/;http://zeynepikbal.com/out-of-control-interview-opened-up-a-can-of-worms-what-they-learned-from-a-just-one-piece-of-advice/;http://extremebazaar.com/dark-days-ahead-for-singapore/;http://fantasyit.com/the-banks-arent-as-secure-as-we-thought/,2019-08-16,https://www.bankofsingapore.com/media-releases/2019/alert-on-fraudulent-websites-16-aug-19.html,Fraudulent websites
10,Standard Chartered Bank (Hong Kong) Limited,http://zeynepikbal.com/out-of-control-interview-opened-up-a-can-of-worms-what-they-learned-from-a-just-one-piece-of-advice/,2019-08-16,https://av.sc.com/hk/content/docs/hk-standard-chartered-alerts-customers-of-fraudulent-website-20190816-e.pdf,Fraudulent websites
11,The Hongkong and Shanghai Banking Corporation Limited,,2019-08-08,https://www.about.hsbc.com.hk/-/media/hong-kong/en/news-and-media/190808-hsbc-warns-against-phishing-email-eng.pdf,Phishing email
12,The Hongkong and Shanghai Banking Corporation Limited,,2019-08-07,https://www.about.hsbc.com.hk/-/media/hong-kong/en/news-and-media/190806-hsbc-warns-against-phishing-email-eng.pdf,Phishing email
13,The Hongkong and Shanghai Banking Corporation Limited,,2019-07-25,https://www.about.hsbc.com.hk/-/media/hong-kong/en/news-and-media/190724-hsbc-warns-against-phishing-email-eng.pdf,Phishing email
14,The Hongkong and Shanghai Banking Corporation Limited,,2019-07-24,https://www.about.hsbc.com.hk/-/media/hong-kong/en/news-and-media/190723-hsbc-warns-against-phishing-email-eng.pdf,Phishing email
15,United Overseas Bank Ltd.,hxxp://www.overseasunionbank.com,2019-07-19,https://www.uobgroup.com/hk/home.html,Fraudulent website
16,China CITIC Bank International Limited,www.cncbinternational.tk,2019-07-18,http://www.cncbinternational.com/_document/about-us/media-center/2019-07-17/en/p190717.pdf,Fraudulent website
17,Citibank (Hong Kong) Limited,https://bit.ly/2JiUbvs;www.ufkwebtek.com,2019-07-15,https://www.citibank.com.hk/english/info/pdf/Citibank-Alerts-Clients-of-Phishing-SMS-and-Unauthorized-Website.pdf,Fraudulent websites and phishing SMS message
18,Standard Chartered Bank (Hong Kong) Limited,https://chatbots.crazymonkeymedia.net/hk/2auths/index.html,2019-07-12,https://av.sc.com/hk/content/docs/hk-standard-chartered-alerts-customers-of-phishing-sms-and-website-20190711-e.pdf,Fraudulent website and phishing SMS message
19,The Hongkong and Shanghai Banking Corporation Limited,,2019-07-03,https://www.about.hsbc.com.hk/-/media/hong-kong/en/news-and-media/190702-hsbc-warns-against-phishing-email-eng.pdf,Phishing emails
20,The Hongkong and Shanghai Banking Corporation Limited,,2019-06-28,https://www.about.hsbc.com.hk/-/media/hong-kong/en/news-and-media/190627-hsbc-warns-against-phishing-email-eng.pdf,Phishing email
21,Bank of Singapore Limited,Hxxps[:]//apkdl[.]in/app/details?id=com[.]bankofsingapore[.]digital,2019-06-27,https://www.bankofsingapore.com/media-releases/2019/alert-on-fraudulent-mobile-application-27-jun.html,Suspicious Mobile App
22,Bank of Singapore Limited,hxxps://apkcombo[.]com/es-es/bank-of-singapore-digital-services/com[.]bankofsingapore[.]digital/;hxxps://apkcombo[.]com/de-de/bank-of-singapore-digital-services/com.bankofsingapore.digital/,2019-06-25,https://www.bankofsingapore.com/media-releases/2019/alert-on-two-fraudulent-mobile-applications-24-jun.html,Suspicious Mobile Apps
23,Bank of China (Hong Kong) Limited,https://bochinahk.com,2019-06-25,https://www.bochk.com/dam/bochk/desktop/top/aboutus/pressrelease2/2019/20190624_01_Press_Release_EN.pdf,Fraudulent website
24,"The Bank of East Asia, Limited",http://185.180.198.152/inj/hk_com.mtel.androidbea.php,2019-06-25,https://www.hkbea.com/pdf/en/about-bea/new-release/2019/20190624en.pdf,Fraudulent website
25,The Hongkong and Shanghai Banking Corporation Limited,,2019-06-24,https://www.about.hsbc.com.hk/-/media/hong-kong/en/news-and-media/190621-hsbc-warns-against-phishing-email-eng.pdf,Phishing email
26,The Hongkong and Shanghai Banking Corporation Limited,,2019-06-20,https://www.about.hsbc.com.hk/-/media/hong-kong/en/news-and-media/190619-hsbc-warns-against-phishing-email-eng.pdf,Phishing emails
27,Bank of China (Hong Kong) Limited,http://bjhghjuikjrrdvcfdeet5434dghg6.com/inj/hk_com.bochk.com.php,2019-06-10,https://www.bochk.com/dam/bochk/desktop/top/aboutus/pressrelease2/2019/20190606_01_Press_Release_EN.pdf,Fraudulent website
28,"Dah Sing Bank, Limited",http://dah.singinvestment.com,2019-06-06,https://www.dahsing.com/en/pdf/marcom/pressrelease20190605e.pdf,Fraudulent website
29,The Hongkong and Shanghai Banking Corporation Limited,,2019-05-31,https://www.about.hsbc.com.hk/-/media/hong-kong/en/news-and-media/190530-hsbc-warns-against-phishing-email-eng.pdf,Phishing email
30,Credit Suisse AG,https://csuisseb-it.com/online/,2019-05-29,https://www.credit-suisse.com/corporate/en/articles/media-releases/alert-on-fraudulent-website-201905.html,Fraudulent website
31,DBS Bank (Hong Kong) Limited,http://dbsbankhk.com,2019-05-24,https://www.dbs.com.hk/personal/notice_20190522.page,Fraudulent website
32,Bank of China (Hong Kong) Limited,https://www.polywallet.com/bochklogin.htm,2019-05-23,https://www.bochk.com/dam/bochk/desktop/top/aboutus/pressrelease2/2019/20190522_01_Press_Release_EN.pdf,Fraudulent website
33,Bank of Singapore Limited,hxxp://singaporebank-sg[.]com,2019-05-22,https://www.bankofsingapore.com/media-releases/2019/alert-on-fraudulent-website-21-may.html,Fraudulent website
34,The Hongkong and Shanghai Banking Corporation Limited,http://HSBC-PRINCIPAL.COM/,2019-05-17,https://www.about.hsbc.com.hk/-/media/hong-kong/en/news-and-media/190516-hsbc-warns-against-fraudulent-website-eng.pdf,Fraudulent website
35,Bank of China (Hong Kong) Limited,shield-account.com/bochk,2019-05-10,https://www.bochk.com/dam/bochk/desktop/top/aboutus/pressrelease2/2019/20190509_01_Press_Release_EN.pdf,Fraudulent website
36,Bank of China (Hong Kong) Limited,accountinfo-online.com/bochk,2019-05-08,https://www.bochk.com/dam/bochk/desktop/top/aboutus/pressrelease2/2019/20190507_01_Press_Release_EN.pdf,Fraudulent website
37,The Hongkong and Shanghai Banking Corporation Limited,,2019-05-03,https://www.about.hsbc.com.hk/-/media/hong-kong/en/news-and-media/190502-hsbc-warns-against-phishing-email-eng.pdf,Phishing email
38,Bank of China (Hong Kong) Limited,https: //login-info-online.com/bochk/?852XXXXXXXX,2019-04-30,https://www.bochk.com/dam/bochk/desktop/top/aboutus/pressrelease2/2019/20190429_01_Press_Release_EN.pdf,Fraudulent website
39,The Hongkong and Shanghai Banking Corporation Limited,,2019-04-29,https://www.about.hsbc.com.hk/-/media/hong-kong/en/news-and-media/190426-hsbc-warns-against-phishing-email-eng.pdf,Phishing email
40,The Hongkong and Shanghai Banking Corporation Limited,,2019-04-24,https://www.about.hsbc.com.hk/-/media/hong-kong/en/news-and-media/190424-hsbc-warns-against-phishing-email-eng.pdf,Phishing email
41,The Hongkong and Shanghai Banking Corporation Limited,,2019-04-23,https://www.about.hsbc.com.hk/-/media/hong-kong/en/news-and-media/190423-hsbc-warns-against-phishing-email-eng.pdf,Phishing email
42,"The Bank of East Asia, Limited",http://boeasia.unatiobs.com,2019-04-18,https://www.hkbea.com/pdf/en/about-bea/new-release/2019/20190418en.pdf,Fraudulent website
43,The Hongkong and Shanghai Banking Corporation Limited,,2019-04-12,https://www.about.hsbc.com.hk/-/media/hong-kong/en/news-and-media/190411-hsbc-warns-against-phishing-email-eng.pdf,Phishing email
44,"The Bank of East Asia, Limited",http://boeasia.stabk.com,2019-04-09,https://www.hkbea.com/pdf/en/about-bea/new-release/2019/20190408en.pdf,Fraudulent website
45,The Hongkong and Shanghai Banking Corporation Limited,http://h.s_gsa.bc_1o82hiwefo9o.uniqueid.12.aoiub2-black-elite.upgrade-form.services/?id=pqEA97Wtya3Fn3Zn3VMxYTK2qQrCer,2019-04-04,https://www.about.hsbc.com.hk/-/media/hong-kong/en/news-and-media/190404-hsbc-warns-against-phishing-email-and-fraudulent-website-eng.pdf,Fraudulent website and phishing email
46,Shanghai Commercial Bank Limited,http://www.cobshan.com/shan/,2019-04-03,https://www.shacombank.com.hk/eng/about/news/images/notice_20190402_web.pdf,Fraudulent website
47,Bank of China (Hong Kong) Limited,https://www.bochsonline.com/en/home.html,2019-03-25,https://www.bochk.com/dam/bochk/desktop/top/aboutus/pressrelease2/2019/20190325_01_Press_Release_EN.pdf,Fraudulent website
48,Hong Leong Bank Berhad,,2019-03-22,https://www.hlb.com.my/hk/en/personal-banking/events-news/hlb-hk-statement-on-phishing-and-fraudulent-email-march-2019.html,Phishing email
49,China CITIC Bank International Limited,http://www.cncbinternatiional.com/China%20CITIC%20Bank%20International.html,2019-03-19,https://www.cncbinternational.com/_document/about-us/media-center/2019-03-19/en/p190319.pdf,Fraudulent website
50,DBS Bank (Hong Kong) Limited,http://hkldbs.com,2019-03-18,https://www.dbs.com.hk/personal/notice_20190315.page,Fraudulent website
51,Bank of Singapore Limited,hxxps://www[.]123apkdescargar[.]com/bank-of-singapore-digital-services/com[.]bankofsingapore[.]digital/,2019-03-14,https://www.bankofsingapore.com/media-releases/2019/alert-on-fraudulent-mobile-application.html,Suspicious Mobile App
52,DBS Bank (Hong Kong) Limited,http://dbsbank.xyz,2019-03-12,https://www.dbs.com.hk/personal/notice_20190311.page,Fraudulent website
53,The Hongkong and Shanghai Banking Corporation Limited,,2019-03-11,https://www.about.hsbc.com.hk/-/media/hong-kong/en/news-and-media/190308-hsbc-warns-against-phishing-email-eng.pdf,Phishing emails
54,China CITIC Bank International Limited,www.online.chinaciticbonline.com,2019-03-08,https://www.cncbinternational.com/_document/about-us/media-center/2019-03-07/en/p190307.pdf,Fraudulent website
55,United Overseas Bank Ltd.,www.the-uob.com/hk;www.the-uob.com/online/login.php,2019-03-05,https://www.uobgroup.com/hk/home.html,Fraudulent websites
56,Bank of Singapore Limited,hxxps://apkplz[.]net/app/me[.]doubledutch[.]tgjjg[.]bankofsingaporeevents;hxxps://downloadplaystoreapk[.]com/me[.]doubledutch[.]tgjjg[.]bankofsingaporeevents,2019-02-28,https://www.bankofsingapore.com/media-releases/2019/alert-on-fraudulent-mobile-applications.html,Suspicious Mobile Apps
57,The Hongkong and Shanghai Banking Corporation Limited,,2019-02-26,https://www.about.hsbc.com.hk/-/media/hong-kong/en/news-and-media/190225-hsbc-warns-against-phishing-email-eng.pdf,Phishing email
58,"The Bank of East Asia, Limited",https://hbea-uk.com,2019-02-25,https://www.hkbea.com/pdf/en/about-bea/new-release/2019/20190225en.pdf,Fraudulent website
59,The Hongkong and Shanghai Banking Corporation Limited,,2019-02-25,https://www.about.hsbc.com.hk/-/media/hong-kong/en/news-and-media/190222-hsbc-warns-against-phishing-email-eng.pdf,Phishing email
60,"The Bank of East Asia, Limited",https://hbeauk.com;http://onlinebea.com,2019-02-21,https://www.hkbea.com/pdf/en/about-bea/new-release/2019/20190219en.pdf,Fraudulent websites
61,The Hongkong and Shanghai Banking Corporation Limited,,2019-02-19,https://www.about.hsbc.com.hk/-/media/hong-kong/en/news-and-media/190218-hsbc-warns-against-phishing-email-en.pdf,Phishing email
62,Bank of China (Hong Kong) Limited,http://bochisonline.com/bin/en/home.html;http://bochisonline.com/bin/en/online/ebank.php;http://bochionline.com/en/home.html;http://bochionline.com/en/online/ebank.php,2019-02-18,https://www.bochk.com/dam/bochk/desktop/top/aboutus/pressrelease2/2019/20190215_01_Press_Release_EN.pdf,Fraudulent websites
63,China CITIC Bank International Limited,www.cnciticbint.com;www.citic-cn.com,2019-02-18,http://www.cncbinternational.com/_document/about-us/media-center/2019-02-15/en/p190215a.pdf,Fraudulent websites
64,Bank of China (Hong Kong) Limited,https://redecidindo.com.br/hk/preauth/authentication/prelogon/digital/display/logon/home/cn.htm,2019-02-13,https://www.bochk.com/dam/bochk/desktop/top/aboutus/pressrelease2/2019/20190212_01_Press_Release_EN.pdf,Fraudulent website
65,China CITIC Bank International Limited,www.online.chinaciticb.com/,2019-02-08,http://www.cncbinternational.com/_document/about-us/media-center/2019-02-04/en/p190204.pdf,Fraudulent website
66,The Hongkong and Shanghai Banking Corporation Limited,,2019-02-04,https://www.about.hsbc.com.hk/-/media/hong-kong/en/news-and-media/190201-hsbc-warns-against-phishing-email-en.pdf,Phishing email
67,The Hongkong and Shanghai Banking Corporation Limited,,2019-01-30,https://www.about.hsbc.com.hk/-/media/hong-kong/en/news-and-media/190129-hsbc-warns-against-phishing-email-en.pdf,Phishing emails
68,Bank of Singapore Limited,hxxps://apkgk[.]com/de/com[.]tapcrowd.bankofsingapore600000073,2019-01-29,https://www.bankofsingapore.com/media-releases/2019/alert-on-fradulent-mobile-applications-28jan2019.html,Suspicious Mobile App
69,The Hongkong and Shanghai Banking Corporation Limited,,2019-01-25,https://www.about.hsbc.com.hk/-/media/hong-kong/en/news-and-media/190124-hsbc-warns-against-phishing-email-en.pdf,Phishing email
70,Hong Leong Bank Berhad,,2019-01-24,https://www.hlb.com.my/hk/en/personal-banking/events-news/hlb-hk-statement-on-phishing-and-fraudulent-email.html,Phishing email
71,"Dah Sing Bank, Limited",hxxp://tom-combo.pw/gusting/hk_com.MobileTreeApp.php;hxxp://inariworkdomen.ru/in9/hk_com.MobileTreeApp.php,2019-01-24,https://www.dahsing.com/en/pdf/marcom/pressrelease20190123e.pdf,Fraudulent websites
72,China CITIC Bank International Limited,www.cncitictransfer.net www.citicbkchina.weebly.com,2019-01-23,http://www.cncbinternational.com/_document/about-us/media-center/2019-01-22/en/p190122.pdf,Fraudulent websites
73,Bank of Singapore Limited,hxxps://apkplz[.]net/app/me[.]doubledutch[.]tgjjg[.]bankofsingaporeevents;hxxps://downloadplaystoreapk[.]com/me[.]doubledutch[.]tgjjg[.]bankofsingaporeevents,2019-01-22,https://www.bankofsingapore.com/media-releases/2019/alert-on-fradulent-mobile-applications-21jan2019.html,Suspicious Mobile Apps
74,Bank of Singapore Limited,hxxps://apktada[.]com/app/me[.]doubledutch[.]tgjjg[.]bankofsingaporeevents,2019-01-18,https://www.bankofsingapore.com/media-releases/2019/alert-on-fradulent-mobile-applications-17jan2019.html,Suspicious Mobile App
75,Shanghai Commercial Bank Limited,http://paofoong-insurance.com,2018-12-18,https://www.shacombank.com.hk/eng/about/press/images/press_20181218.pdf,Fraudulent website
76,China CITIC Bank International Limited,www.citichina.org,2018-12-17,https://www.cncbinternational.com/_document/about-us/media-center/2018-12-17/en/p181217.pdf,Fraudulent website
77,Bank of China (Hong Kong) Limited,http://dragonwebdeveloper.com/hkk/prelogon/authentication/preauth/logon/authentication/cn.htm,2018-12-14,https://www.bochk.com/dam/bochk/desktop/top/aboutus/pressrelease2/2018/20181213_01_Press_Release_EN.pdf,Fraudulent website
78,Bank of China (Hong Kong) Limited,http://redpeacehumanity.com/hk/prelogon/digital/authentication/logon/cn.htm,2018-12-14,https://www.bochk.com/dam/bochk/desktop/top/aboutus/pressrelease2/2018/20181213_02_Press_Release_EN.pdf,Fraudulent website and phishing email
79,China CITIC Bank International Limited,www.cncitictransfer.com,2018-12-13,http://www.cncbinternational.com/_document/about-us/media-center/2018-12-13/en/p181213.pdf,Fraudulent website
80,The Hongkong and Shanghai Banking Corporation Limited,,2018-12-10,https://www.about.hsbc.com.hk/-/media/hong-kong/en/news-and-media/181207-hsbc-warns-against-phishing-email-en.pdf,Phishing email
81,The Hongkong and Shanghai Banking Corporation Limited,,2018-12-06,https://www.about.hsbc.com.hk/-/media/hong-kong/en/news-and-media/181206-hsbc-warns-against-fake-app-eng.pdf,Suspicious Mobile Apps
82,Bank of Singapore Limited,hxxps://downloadplaystoreapk[.]com/id/com.tapcrowd[.]bankofsingapore600000073,2018-12-04,https://www.bankofsingapore.com/media-releases/2018/alert-on-fradulent-mobile-applications-3dec2018.html,Suspicious Mobile Apps
83,Bank of Singapore Limited,hxxps://www[.]apkmonk[.]com/app/me.doubledutch.tgjjg.bankofsingaporeevents,2018-11-29,https://www.bankofsingapore.com/media-releases/2018/alert-on-fradulent-mobile-applications-29nov2018.html,Suspicious Mobile Apps
84,Bank of Singapore Limited,hxxp://apktrending[.]com/apk-android/app-bankofsingapore-digital[.]html,2018-11-27,https://www.bankofsingapore.com/media-releases/2018/alert-on-fradulent-mobile-applications-27nov2018.html,Suspicious Mobile Apps
85,Bank of China (Hong Kong) Limited,http://deathstars.pw/asdfgqw/hk_com.bochk.com.php,2018-11-26,https://www.bochk.com/dam/bochk/desktop/top/aboutus/pressrelease2/2018/20181123_01_Press_Release_EN.pdf,Fraudulent website
86,Bank of Singapore Limited,hxxps://apkgk[.]com/be/me[.]doubledutch.tgjjg.bankofsingaporeevents;hxxp://www.apkforpc[.]us/bank-of-singapore-events-for-pc-windows-7810-and-mac/me.doubledutch.tgjjg.bankofsingaporeevents.html,2018-11-23,https://www.bankofsingapore.com/media-releases/2018/alert-on-fradulent-mobile-applications-22nov2018.html,Suspicious Mobile Apps
87,China CITIC Bank International Limited,www.cn-online-ccbi-china.com,2018-11-21,https://www.cncbinternational.com/_document/about-us/media-center/2018-11-20/en/p181120.pdf,Fraudulent website
88,Industrial and Commercial Bank of China (Asia) Limited,,2018-11-19,http://v.icbc.com.cn/userfiles/Resources/ICBC/haiwai/Asia/download/EN/2018/press20181116e.pdf,Phishing email
89,The Hongkong and Shanghai Banking Corporation Limited,,2018-11-19,https://www.about.hsbc.com.hk/-/media/hong-kong/en/news-and-media/181116-hsbc-warns-against-phishing-email-eng.pdf,Phishing email
90,Bank of China (Hong Kong) Limited,http: //unreadablepage.at/firewall/hk_com.bochk.com.php;http: //92.63.192.55/tgdhdth32/hk_com.bochk.com.php,2018-11-19,https://www.bochk.com/dam/bochk/desktop/top/aboutus/pressrelease2/2018/20181116_01_Press_Release_EN.pdf,Fraudulent websites
91,The Hongkong and Shanghai Banking Corporation Limited,,2018-11-16,https://www.about.hsbc.com.hk/-/media/hong-kong/en/news-and-media/181115-hsbc-warns-against-phishing-email-en.pdf,Phishing email
92,"The Bank of East Asia, Limited",http://boeasia.newy-usa.com ,2018-11-15,https://www.hkbea.com/pdf/en/about-bea/new-release/2018/20181114en.pdf,Fraudulent website
93,"The Shanghai Commercial & Savings Bank, Ltd.",http://www.scsbchina.tk,2018-11-14,https://www.scsb.com.hk/src/news_071112.pdf,Fraudulent website
94,"The Shanghai Commercial & Savings Bank, Ltd.",http://www.scsb-china.ga,2018-11-14,https://www.scsb.com.hk/src/news_071113.pdf,Fraudulent website
95,The Hongkong and Shanghai Banking Corporation Limited,,2018-11-13,https://www.about.hsbc.com.hk/-/media/hong-kong/en/news-and-media/181112-hsbc-warns-against-phishing-email-en.pdf,Phishing email
96,Bank of Singapore Limited,hxxps://apkname[.]com/fa/me.doubledutch.tgjjg.bankofsingaporeevents;hxxps://apk[.]support/apk-downloader?google_id=me.doubledutch.tgjjg.bankofsingaporeevents,2018-11-13,https://www.bankofsingapore.com/media-releases/2018/alert-on-fradulent-mobile-applications-9nov.html,Suspicious Mobile Apps
97,Bank of China (Hong Kong) Limited,https://www.bochk-banking.com/espace-client/vues/login.php,2018-11-12,https://www.bochk.com/dam/bochk/desktop/top/aboutus/pressrelease2/2018/20181111_01_Press_Release_EN.pdf,Fraudulent website
98,The Hongkong and Shanghai Banking Corporation Limited,hsbc-login.com/,2018-11-09,https://www.about.hsbc.com.hk/-/media/hong-kong/en/news-and-media/181107-hsbc-warns-against-phishing-sms-and-fraudulent-website-eng.pdf,Fraudulent website
99,Standard Chartered Bank (Hong Kong) Limited,,2018-11-07,https://av.sc.com/hk/content/docs/hk-standard-chartered-phising-email-alerts-e.pdf,Phishing email
