,hotline_1,hotline_2,hotline_3,remark_1,remark_2,remark_3,retailbank_name
0,2176 8822,,,,,,Australia & New Zealand Banking Group Ltd.
1,3988 2388,,,,,,Bank of China (Hong Kong) Limited 
2,2239 5559,,,,,,"Bank of Communications Co., Ltd."
3,2211 1333,,,(Press 3 - 0) ,,,"The Bank of East Asia, Limited "
4,2287 6767,,,"(After language selection, press 7)",,,China CITIC Bank International Limited
5,3179 5504,,,,,,China Construction Bank (Asia) Corporation Limited
6,2232 3625,,,,,,Chiyu Banking Corporation Ltd.
7,3768 6888,,,,,,Chong Hing Bank Limited
8,2860 0370,,,,,,Citibank (Hong Kong) Limited
9,(852) 2309 5555,(86) 4008 822388,,,,,CMB Wing Lung Bank Ltd. 
10,2828 8000,2828 8159 ,,(During office hours: Mon - Fri 9:00 a.m. - 10:00 p.m.; Sat 9:00 a.m. - 5:30 p.m.),(For non-office hours),,"Dah Sing Bank, Ltd."
11,2290 8345,,,,,,DBS Bank (Hong Kong) Limited
12,2566 8181,,,"(After language selection, press 8)",,,Fubon Bank (Hong Kong) Limited
13,2822 0228,,,,,,Hang Seng Bank Ltd.
14,2233 3000,,,,,,The Hongkong and Shanghai Banking Corporation Limited
15,2189 5588,,,(Press 3 – 6 – 9 ),,,Industrial and Commercial Bank of China (Asia) Limited
16,2622 2633,,,,,,"Nanyang Commercial Bank, Ltd."
17,3199 9188,,,,,,OCBC Wing Hang Bank Limited
18,8107 0818,,,"(After language selection, press 0 – 3)",,,Public Bank (Hong Kong) Limited
19,2818 0282,,,,,,Shanghai Commercial Bank Ltd.
20,2886 8868,,,( Press 2 – 6 – 0),,,Standard Chartered Bank (Hong Kong) Limited
