,date,link,title
0,2019-09-02,https://www.hkma.gov.hk/eng/key-information/press-releases/2019/20190902-4.shtml,"Tender for the re-opening of 15-year Government Bonds under the Institutional Bond Issuance Programme to be held on Wednesday, 11 September 2019"
1,2019-09-02,https://www.hkma.gov.hk/eng/key-information/press-releases/2019/20190902-3.shtml,2018 New Series Hong Kong Banknotes
2,2019-08-30,https://www.hkma.gov.hk/eng/key-information/press-releases/2019/20190830-6.shtml,Monetary Statistics for July 2019
3,2019-08-30,https://www.hkma.gov.hk/eng/key-information/press-releases/2019/20190830-5.shtml,Residential Mortgage Survey Results for July 2019
4,2019-08-30,https://www.hkma.gov.hk/eng/key-information/press-releases/2019/20190830-4.shtml,International Reserves and Foreign Currency Liquidity
5,2019-08-30,https://www.hkma.gov.hk/eng/key-information/press-releases/2019/20190830-3.shtml,Exchange Fund Abridged Balance Sheet and Currency Board Account
6,2019-08-29,https://www.hkma.gov.hk/eng/key-information/press-releases/2019/20190829-3.shtml,Fraudulent website related to Bank of China (Hong Kong) Limited
7,2019-08-27,https://www.hkma.gov.hk/eng/key-information/press-releases/2019/20190827-3.shtml,Coin Collection Programme
8,2019-08-27,https://www.hkma.gov.hk/eng/key-information/press-releases/2019/20190827-5.shtml,Exchange Fund Bills Tender Results
9,2019-08-27,https://www.hkma.gov.hk/eng/key-information/press-releases/2019/20190827-4.shtml,Phishing email related to The Hongkong and Shanghai Banking Corporation Limited
10,2019-08-26,https://www.hkma.gov.hk/eng/key-information/press-releases/2019/20190826-5.shtml,"Fraudulent website related to The Bank of East Asia, Limited"
11,2019-08-26,https://www.hkma.gov.hk/eng/key-information/press-releases/2019/20190826-4.shtml,HKMA Liquidity Facilities Framework for Banks
12,2019-08-26,https://www.hkma.gov.hk/eng/key-information/press-releases/2019/20190826-3.shtml,Suspicious mobile application (App) related to Bank of Singapore Limited
13,2019-08-22,https://www.hkma.gov.hk/eng/key-information/press-releases/2019/20190822-3.shtml,Fraudulent website and phishing email related to Australia and New Zealand Banking Group Limited
14,2019-08-21,https://www.hkma.gov.hk/eng/key-information/press-releases/2019/20190821-3.shtml,Phishing email related to The Hongkong and Shanghai Banking Corporation Limited
15,2019-08-20,https://www.hkma.gov.hk/eng/key-information/press-releases/2019/20190820-5.shtml,Phishing email related to The Hongkong and Shanghai Banking Corporation Limited
16,2019-08-20,https://www.hkma.gov.hk/eng/key-information/press-releases/2019/20190820-4.shtml,Exchange Fund Notes Tender Results
17,2019-08-20,https://www.hkma.gov.hk/eng/key-information/press-releases/2019/20190820-3.shtml,Exchange Fund Bills Tender Results
18,2019-08-19,https://www.hkma.gov.hk/eng/key-information/press-releases/2019/20190819-4.shtml,Fraudulent website and phishing email related to Hong Leong Bank Berhad
19,2019-08-19,https://www.hkma.gov.hk/eng/key-information/press-releases/2019/20190819-3.shtml,Composite Interest Rate: End of July 2019
20,2019-08-16,https://www.hkma.gov.hk/eng/key-information/press-releases/2019/20190816-4.shtml,Fraudulent websites related to Bank of Singapore Limited
21,2019-08-16,https://www.hkma.gov.hk/eng/key-information/press-releases/2019/20190816-3.shtml,Fraudulent websites related to Standard Chartered Bank (Hong Kong) Limited
22,2019-08-15,https://www.hkma.gov.hk/eng/key-information/press-releases/2019/20190815-5.shtml,Record of Discussion of the Meeting of the Exchange Fund Advisory Committee Currency Board Sub-Committee held on 5 July 2019
23,2019-08-15,https://www.hkma.gov.hk/eng/key-information/press-releases/2019/20190815-4.shtml,Tentative issuance schedule for Exchange Fund Bills and Notes
24,2019-08-15,https://www.hkma.gov.hk/eng/key-information/press-releases/2019/20190815-3.shtml,Credit Card Lending Survey Results for Second Quarter 2019
25,2019-08-14,https://www.hkma.gov.hk/eng/key-information/press-releases/2019/20190814-3.shtml,Analytical Accounts of the Exchange Fund
26,2019-08-14,https://www.hkma.gov.hk/eng/key-information/press-releases/2019/20190814-4.shtml,Result of the tenders of the People's Bank of China RMB Bills held on 14 August 2019
27,2019-08-13,https://www.hkma.gov.hk/eng/key-information/press-releases/2019/20190813-3.shtml,Exchange Fund Bills Tender Results
28,2019-08-09,https://www.hkma.gov.hk/eng/key-information/press-releases/2019/20190809-4.shtml,Tender of 2-Year Exchange Fund Notes to be held on 20 August 2019
29,2019-08-09,https://www.hkma.gov.hk/eng/key-information/press-releases/2019/20190809-3.shtml,Progress in the handling of banking complaints by HKMA
30,2019-08-08,https://www.hkma.gov.hk/eng/key-information/press-releases/2019/20190808-4.shtml,Phishing email related to The Hongkong and Shanghai Banking Corporation Limited
31,2019-08-08,https://www.hkma.gov.hk/eng/key-information/press-releases/2019/20190808-3.shtml,The People's Bank of China will issue Renminbi Bills through the Central Moneymarkets Unit of the Hong Kong Monetary Authority
32,2019-08-07,https://www.hkma.gov.hk/eng/key-information/press-releases/2019/20190807-4.shtml,Hong Kong’s Latest Foreign Currency Reserve Assets Figures Released
33,2019-08-07,https://www.hkma.gov.hk/eng/key-information/press-releases/2019/20190807-3.shtml,Phishing email related to The Hongkong and Shanghai Banking Corporation Limited
34,2019-08-06,https://www.hkma.gov.hk/eng/key-information/press-releases/2019/20190806-3.shtml,Exchange Fund Bills Tender Results
35,2019-08-01,https://www.hkma.gov.hk/eng/key-information/press-releases/2019/20190801-3.shtml,Adjustment of the Base Rate
36,2019-07-31,https://www.hkma.gov.hk/eng/key-information/press-releases/2019/20190731-8.shtml,Monetary Statistics for June 2019
37,2019-07-31,https://www.hkma.gov.hk/eng/key-information/press-releases/2019/20190731-7.shtml,Residential mortgage loans in negative equity: End of June 2019
38,2019-07-31,https://www.hkma.gov.hk/eng/key-information/press-releases/2019/20190731-6.shtml,Residential Mortgage Survey Results for June 2019
39,2019-07-31,https://www.hkma.gov.hk/eng/key-information/press-releases/2019/20190731-5.shtml,International Reserves and Foreign Currency Liquidity
40,2019-07-31,https://www.hkma.gov.hk/eng/key-information/press-releases/2019/20190731-4.shtml,Exchange Fund Abridged Balance Sheet and Currency Board Account
41,2019-07-31,https://www.hkma.gov.hk/eng/key-information/press-releases/2019/20190731-3.shtml,Open API Framework for the Banking Sector: One year on
42,2019-07-30,https://www.hkma.gov.hk/eng/key-information/press-releases/2019/20190730-3.shtml,Exchange Fund Bills Tender Results
43,2019-07-29,https://www.hkma.gov.hk/eng/key-information/press-releases/2019/20190729-3.shtml,Interest rate of the sixth interest payment for Silver Bond Series due 2019
44,2019-07-25,https://www.hkma.gov.hk/eng/key-information/press-releases/2019/20190725-7.shtml,"Remarks by Eddie Yue, Chief Executive (designate) of the HKMA at media session"
45,2019-07-25,https://www.hkma.gov.hk/eng/key-information/press-releases/2019/20190725-6.shtml,"Remarks by Norman Chan, Chief Executive of the HKMA at media session"
46,2019-07-25,https://www.hkma.gov.hk/eng/key-information/press-releases/2019/20190725-4.shtml,Government announces subscription and allocation results of Silver Bond
47,2019-07-25,https://www.hkma.gov.hk/eng/key-information/press-releases/2019/20190725-3.shtml,Survey on Small and Medium-Sized Enterprises (SMEs)’ Credit Conditions for Second Quarter 2019
48,2019-07-25,https://www.hkma.gov.hk/eng/key-information/press-releases/2019/20190725-5.shtml,Phishing email related to The Hongkong and Shanghai Banking Corporation Limited
49,2019-07-24,https://www.hkma.gov.hk/eng/key-information/press-releases/2019/20190724-3.shtml,Exchange Fund Position at end-June 2019
50,2019-07-24,https://www.hkma.gov.hk/eng/key-information/press-releases/2019/20190724-4.shtml,Phishing email related to The Hongkong and Shanghai Banking Corporation Limited
51,2019-07-23,https://www.hkma.gov.hk/eng/key-information/press-releases/2019/20190723-3.shtml,Exchange Fund Bills Tender Results
52,2019-07-22,https://www.hkma.gov.hk/eng/key-information/press-releases/2019/20190722-3.shtml,Senior Staff Movement in the Hong Kong Monetary Authority
53,2019-07-19,https://www.hkma.gov.hk/eng/key-information/press-releases/2019/20190719-3.shtml,Delegation of powers from the Insurance Authority to the Monetary Authority and Signing of new Memorandum of Understanding
54,2019-07-19,https://www.hkma.gov.hk/eng/key-information/press-releases/2019/20190719-4.shtml,Fraudulent website related to United Overseas Bank Ltd.
55,2019-07-18,https://www.hkma.gov.hk/eng/key-information/press-releases/2019/20190718-3.shtml,Composite Interest Rate: End of June 2019
56,2019-07-18,https://www.hkma.gov.hk/eng/key-information/press-releases/2019/20190718-4.shtml,Fraudulent website related to China CITIC Bank International Limited
57,2019-07-16,https://www.hkma.gov.hk/eng/key-information/press-releases/2019/20190716-3.shtml,Exchange Fund Bills Tender Results
58,2019-07-15,https://www.hkma.gov.hk/eng/key-information/press-releases/2019/20190715-3.shtml,Fraudulent websites and phishing SMS message related to Citibank (Hong Kong) Limited
59,2019-07-12,https://www.hkma.gov.hk/eng/key-information/press-releases/2019/20190712-3.shtml,Progress in the handling of banking complaints by HKMA
60,2019-07-12,https://www.hkma.gov.hk/eng/key-information/press-releases/2019/20190712-4.shtml,Analytical Accounts of the Exchange Fund
61,2019-07-12,https://www.hkma.gov.hk/eng/key-information/press-releases/2019/20190712-5.shtml,Fraudulent website and phishing SMS message related to Standard Chartered Bank (Hong Kong) Limited
62,2019-07-11,https://www.hkma.gov.hk/eng/key-information/press-releases/2019/20190711-3.shtml,HKMA clarifies false information on Internet
63,2019-07-10,https://www.hkma.gov.hk/eng/key-information/press-releases/2019/20190710-3.shtml,"HKMA and SASAC Co-organise 2nd ‘Connecting Belt &amp; Road, Capturing Opportunities Together’ High-level Roundtable"
64,2019-07-09,https://www.hkma.gov.hk/eng/key-information/press-releases/2019/20190709-4.shtml,Monetary Authority Announces Countercyclical Capital Buffer for Hong Kong
65,2019-07-09,https://www.hkma.gov.hk/eng/key-information/press-releases/2019/20190709-3.shtml,Exchange Fund Bills Tender Results
66,2019-07-05,https://www.hkma.gov.hk/eng/key-information/press-releases/2019/20190705-4.shtml,Hong Kong’s Latest Foreign Currency Reserve Assets Figures Released
67,2019-07-05,https://www.hkma.gov.hk/eng/key-information/press-releases/2019/20190705-3.shtml,Fintech Collaboration between the Hong Kong Monetary Authority and Autorité de Contrôle Prudentiel et de Résolution
68,2019-07-02,https://www.hkma.gov.hk/eng/key-information/press-releases/2019/20190702-3.shtml,Exchange Fund Bills Tender Results
69,2019-06-30,https://www.hkma.gov.hk/eng/key-information/press-releases/2019/20190630-3.shtml,HKMA welcomes setting up of a BIS Innovation Hub Centre in Hong Kong
70,2019-06-28,https://www.hkma.gov.hk/eng/key-information/press-releases/2019/20190628-9.shtml,Monetary Statistics for May 2019
71,2019-06-28,https://www.hkma.gov.hk/eng/key-information/press-releases/2019/20190628-4.shtml,Exchange Fund Abridged Balance Sheet and Currency Board Account
72,2019-06-28,https://www.hkma.gov.hk/eng/key-information/press-releases/2019/20190628-6.shtml,Additional Datasets Available via Open API on the HKMA’s Website
73,2019-06-28,https://www.hkma.gov.hk/eng/key-information/press-releases/2019/20190628-5.shtml,International Reserves and Foreign Currency Liquidity
74,2019-06-28,https://www.hkma.gov.hk/eng/key-information/press-releases/2019/20190628-3.shtml,Residential Mortgage Survey Results for May 2019
75,2019-06-28,https://www.hkma.gov.hk/eng/key-information/press-releases/2019/20190628-8.shtml,Regulators conclude consultation on annual update to the list of Financial Services Providers under the clearing obligation for OTC derivative transactions
76,2019-06-28,https://www.hkma.gov.hk/eng/key-information/press-releases/2019/20190628-7.shtml,Phishing email related to The Hongkong and Shanghai Banking Corporation Limited
77,2019-06-28,https://www.info.gov.hk/gia/general/201906/28/P2019062800417.htm,Gazettal of revised liquidity rules under Banking Ordinance (Issued by the Hong Kong SAR Government)
78,2019-06-27,https://www.hkma.gov.hk/eng/key-information/press-releases/2019/20190627-3.shtml,Suspicious mobile application (App) related to Bank of Singapore Limited
79,2019-06-26,https://www.hkma.gov.hk/eng/key-information/press-releases/2019/20190626-3.shtml,HKMA Quarterly Bulletin (June 2019 Issue)
80,2019-06-26,https://www.hkma.gov.hk/eng/key-information/press-releases/2019/20190626-6.shtml,Inauguration of Hong Kong Academy of Finance cum Fellowship Conferment Ceremony
81,2019-06-26,https://www.hkma.gov.hk/eng/key-information/press-releases/2019/20190626-5.shtml,Tender results of the 10-year Government Bonds under the Institutional Bond Issuance Programme
82,2019-06-26,https://www.hkma.gov.hk/eng/key-information/press-releases/2019/20190626-4.shtml,Result of the tenders of the People's Bank of China RMB Bills held on 26 June 2019
83,2019-06-25,https://www.hkma.gov.hk/eng/key-information/press-releases/2019/20190625-7.shtml,Suspicious mobile applications (Apps) related to Bank of Singapore Limited
84,2019-06-25,https://www.hkma.gov.hk/eng/key-information/press-releases/2019/20190625-6.shtml,"Fraudulent website related to The Bank of East Asia, Limited"
85,2019-06-25,https://www.hkma.gov.hk/eng/key-information/press-releases/2019/20190625-5.shtml,Fraudulent website related to Bank of China (Hong Kong) Limited
86,2019-06-25,https://www.hkma.gov.hk/eng/key-information/press-releases/2019/20190625-4.shtml,Exchange Fund Bills Tender Results
87,2019-06-25,https://www.hkma.gov.hk/eng/key-information/press-releases/2019/20190625-3.shtml,"“GFiN – one year on”: A reflection of the GFiN’s achievements and challenges since inception, and ambitions for the future"
88,2019-06-24,https://www.hkma.gov.hk/eng/key-information/press-releases/2019/20190624-4.shtml,HKMA welcomes Hongkong Post's extension of the EPS EasyCash for Senior Citizens service to all post offices and mobile post offices
89,2019-06-24,https://www.hkma.gov.hk/eng/key-information/press-releases/2019/20190624-3.shtml,Phishing email related to The Hongkong and Shanghai Banking Corporation Limited
90,2019-06-21,https://www.hkma.gov.hk/eng/key-information/press-releases/2019/20190621-3.shtml,Enhancement to Currency Conversion Arrangement under Stock Connect
91,2019-06-21,https://www.hkma.gov.hk/eng/key-information/press-releases/2019/20190621-6.shtml,Statistics of Payment Cards Issued in Hong Kong for First Quarter 2019
92,2019-06-21,https://www.hkma.gov.hk/eng/key-information/press-releases/2019/20190621-5.shtml,Statistics of Stored Value Facilities (SVF) Schemes Issued by SVF Licensees
93,2019-06-21,https://www.hkma.gov.hk/eng/key-information/press-releases/2019/20190621-4.shtml,Exchange Fund Bills Tender Results
94,2019-06-20,https://www.hkma.gov.hk/eng/key-information/press-releases/2019/20190620-7.shtml,Phishing emails related to The Hongkong and Shanghai Banking Corporation Limited
95,2019-06-20,https://www.hkma.gov.hk/eng/key-information/press-releases/2019/20190620-6.shtml,HKMA CMU Central Bank Placement Co-ordinating Window Placement Result
96,2019-06-20,https://www.hkma.gov.hk/eng/key-information/press-releases/2019/20190620-5.shtml,The Chief Executive of the HKMA’s response on the US Fed FOMC Meeting
97,2019-06-20,https://www.hkma.gov.hk/eng/key-information/press-releases/2019/20190620-4.shtml,Result of the tenders of RMB Sovereign Bonds held on 20 June 2019
98,2019-06-20,https://www.hkma.gov.hk/eng/key-information/press-releases/2019/20190620-3.shtml,The People's Bank of China will issue Renminbi Bills through the Central Moneymarkets Unit of the Hong Kong Monetary Authority
99,2019-06-19,https://www.hkma.gov.hk/eng/key-information/press-releases/2019/20190619-3.shtml,Composite Interest Rate: End of May 2019
