,date,link,title
0,2019-08-28,https://www.hkma.gov.hk/eng/key-information/insight/20190828.shtml,Norman Chan on Hong Kong Mortgage Corporation (HKMC): Platform for Financial Innovation and Market Development
1,2019-08-23,https://www.hkma.gov.hk/eng/key-information/insight/20190823.shtml,Howard Lee on Recent Trends of HKD Fund Flows
2,2019-08-20,https://www.hkma.gov.hk/eng/key-information/insight/20190820-2.shtml,Norman Chan on Payment and Settlement System and Central Banking
3,2019-08-20,https://www.hkma.gov.hk/eng/key-information/insight/20190820-1.shtml,Norman Chan Reviews His Time at the HKMA: Foreword
4,2019-07-15,https://www.hkma.gov.hk/eng/key-information/insight/20190715.shtml,Howard Lee on Recent Movements of Hong Kong Dollar Interbank and Exchange Rates
5,2019-05-02,https://www.hkma.gov.hk/eng/key-information/insight/20190502.shtml,Howard Lee on Reform of Interest Rate Benchmarks
6,2019-04-12,https://www.hkma.gov.hk/eng/key-information/insight/20190412.shtml,Arthur Yuen on Tiered Account Services: A New Initiative on Promoting Financial Inclusion
7,2018-10-29,https://www.hkma.gov.hk/eng/key-information/insight/20181029.shtml,Eddie Yue on Exchange Fund’s Investment in Infrastructure – Creating Value by Adopting a Gradual and Prudent Approach
8,2018-09-17,https://www.hkma.gov.hk/eng/key-information/insight/20180917.shtml,Norman Chan on Launch of the Faster Payment System
9,2018-09-13,https://www.hkma.gov.hk/eng/key-information/insight/20180913.shtml,Nelson Chow on FFO’s Summer Projects
10,2018-08-23,https://www.hkma.gov.hk/eng/key-information/insight/20180823.shtml,Vincent Lee on Capturing Opportunities Together with Central State-owned Enterprises
11,2018-06-21,https://www.hkma.gov.hk/eng/key-information/insight/20180621.shtml,Arthur Yuen on Beware of Representations Using the Description “Bank”
12,2018-06-20,https://www.hkma.gov.hk/eng/key-information/insight/20180620.shtml,Eddie Yue on Fast Growing Green Finance Market
13,2018-06-18,https://www.hkma.gov.hk/eng/key-information/insight/20180618.shtml,Howard Lee on Six Questions about Stage Money
14,2018-05-24,https://www.hkma.gov.hk/eng/key-information/insight/20180524.shtml,Howard Lee on Hong Kong Dollar Fund Flows
15,2018-05-16,https://www.hkma.gov.hk/eng/key-information/insight/20180516.shtml,Arthur Yuen on Clarifying Some Misconceptions on the Credit Risk Faced by the Banking Sector in Hong Kong
16,2018-05-10,https://www.hkma.gov.hk/eng/key-information/insight/20180510.shtml,Eddie Yue on A Golden Opportunity for Hong Kong’s Bond Market
17,2018-04-24,https://www.hkma.gov.hk/eng/key-information/insight/20180424.shtml,Norman Chan on The Linked Exchange Rate System Staying Robust with Local Interest Rates Gradually on the Rise
18,2018-03-08,https://www.hkma.gov.hk/eng/key-information/insight/20180308.shtml,Norman Chan on Stay Calm on the Weakening of the Hong Kong Dollar
19,2018-02-08,https://www.hkma.gov.hk/eng/key-information/insight/20180208.shtml,Norman Chan on Hong Kong’s Strategic Position of “Leveraging the Mainland while Engaging the World”
20,2017-11-23,https://www.hkma.gov.hk/eng/key-information/insight/20171123.shtml,Norman Chan on How to Get Rid of Banking Supervisors
21,2017-11-16,https://www.hkma.gov.hk/eng/key-information/insight/20171115.shtml,Howard Lee on Cross-border Trade Finance
22,2017-11-13,https://www.hkma.gov.hk/eng/key-information/insight/20171113.shtml,"Howard Lee on Building a Diversified, Inclusive and Convenient Payment Ecosystem"
23,2017-09-19,https://www.hkma.gov.hk/eng/key-information/insight/20170919.shtml,Eddie Yue on Infrastructure Investment – a Timeless Form of Investment
24,2017-09-18,https://www.hkma.gov.hk/eng/key-information/insight/20170918.shtml,Norman Chan on Building ‘Hong Kong’ as a Brand for Financial Services: Beyond Marketing
25,2017-09-06,https://www.hkma.gov.hk/eng/key-information/insight/20170906.shtml,"Norman Chan on Globalisation, Technological Innovation, Monetary Policy, and the Distribution of Income and Wealth"
26,2017-08-28,https://www.hkma.gov.hk/eng/key-information/insight/20170828.shtml,Norman Chan on Corporate Treasury Centres – a New Horizon for Hong Kong’s Financial Industry
27,2017-08-24,https://www.hkma.gov.hk/eng/key-information/insight/20170824.shtml,Howard Lee on One Year On since SVF Licences were First Granted
28,2017-08-10,https://www.hkma.gov.hk/eng/key-information/insight/20170810.shtml,Norman Chan on Bank Resolution Regime – A Newly Established Line of Defence for Banking Stability
29,2017-07-30,https://www.hkma.gov.hk/eng/key-information/insight/20170730.shtml,Eddie Yue on Investment Outlook for the Second Half of the Year: Stay Alert and Remain Cautious
30,2017-07-06,https://www.hkma.gov.hk/eng/key-information/insight/20170706.shtml,Norman Chan on Grasping the Opportunities Offered by Bond Connect
31,2017-06-19,https://www.hkma.gov.hk/eng/key-information/insight/20170619.shtml,Credit Card Chargeback Protection
32,2017-06-14,https://www.hkma.gov.hk/eng/key-information/insight/20170614.shtml,Norman Chan on FinTech vs TechFin
33,2017-05-18,https://www.hkma.gov.hk/eng/key-information/insight/20170518.shtml,Norman Chan on Belt and Road Forum for International Cooperation
34,2017-05-09,https://www.hkma.gov.hk/eng/key-information/insight/20170509.shtml,Life Annuity Scheme
35,2017-04-12,https://www.hkma.gov.hk/eng/key-information/insight/20170412.shtml,Eddie Yue on A Promising Future for Infrastructure Investment and Financing
36,2017-03-16,https://www.hkma.gov.hk/eng/key-information/insight/20170316.shtml,Norman Chan on Trilogy of Sound Banking
37,2017-03-02,https://www.hkma.gov.hk/eng/key-information/insight/20170301.shtml,Sukuk
38,2017-01-23,https://www.hkma.gov.hk/eng/key-information/insight/20170123.shtml,"Sincere dialogue among Mr Li, Mr Wong and Mr Ho on SME Financing Guarantee Scheme"
39,2017-01-22,https://www.hkma.gov.hk/eng/key-information/insight/20170122.shtml,Fintech Career Accelerator Scheme Information Day
40,2017-01-16,https://www.hkma.gov.hk/eng/key-information/insight/20170116.shtml,Go Green: Good-as-new Notes
41,2017-01-10,https://www.hkma.gov.hk/eng/key-information/insight/20170110.shtml,Eddie Yue on Exchange Fund: Looking ahead – A combination of prudent and proactive approaches to achieve long-term growth
42,2017-01-09,https://www.hkma.gov.hk/eng/key-information/insight/20170109.shtml,Eddie Yue on Exchange Fund: 2016 in review – A volatile and unpredictable post-QE era
43,2016-11-24,https://www.hkma.gov.hk/eng/key-information/insight/20161124.shtml,The Information Centre is getting a new look
44,2016-11-10,https://www.hkma.gov.hk/eng/key-information/insight/20161110.shtml,The Fintech Day
45,2016-11-02,https://www.hkma.gov.hk/eng/key-information/insight/20161102.shtml,"Norman Chan on Dialogue on reform of bank culture among central bankers from New York, London and Hong Kong"
46,2016-10-31,https://www.hkma.gov.hk/eng/key-information/insight/20161031.shtml,"Norman Chan on It’s hard to open a bank account, but is it also hard to maintain it?"
47,2016-10-26,https://www.hkma.gov.hk/eng/key-information/insight/20161026.shtml,Why should banks use mortgage e-Alert Service?
48,2016-09-29,https://www.hkma.gov.hk/eng/key-information/insight/20160929.shtml,HKMA’s Manager Trainee Programme
49,2016-09-08,https://www.hkma.gov.hk/eng/key-information/insight/20160908.shtml,Norman Chan on Pursuing financial inclusion despite challenges
50,2016-09-05,https://www.hkma.gov.hk/eng/key-information/insight/20160905.shtml,Norman Chan on Follow-up work on issues concerning difficulties in opening bank accounts and obtaining bank loans by small and medium-sized enterprises
51,2016-08-24,https://www.hkma.gov.hk/eng/key-information/insight/20160824.shtml,Part 2: Smart tips on using stored value facilities
52,2016-08-23,https://www.hkma.gov.hk/eng/key-information/insight/20160823.shtml,Part 1: Smart tips on using stored value facilities
53,2016-08-11,https://www.hkma.gov.hk/eng/key-information/insight/20160810.shtml,The Silver Bond
54,2016-07-14,https://www.hkma.gov.hk/eng/key-information/insight/20160713.shtml,Norman Chan on From piggy bank to financial inclusion
55,2016-07-07,https://www.hkma.gov.hk/eng/key-information/insight/20160707.shtml,Smart tips on using autopay services
56,2016-06-28,https://www.hkma.gov.hk/eng/key-information/insight/20160628.shtml,Norman Chan on The Official Launch of IFFO
57,2016-06-21,https://www.hkma.gov.hk/eng/key-information/insight/20160621.shtml,Six things you may not know about iBond
58,2016-06-20,https://www.hkma.gov.hk/eng/key-information/insight/20160620.shtml,Arthur Yuen on Mortgage Loans with High Loan-to-Value Ratios offered by Property Developers
59,2016-06-17,https://www.hkma.gov.hk/eng/key-information/insight/20160617.shtml,Arthur Yuen on Bank account opening for small and medium-sized enterprises and start-ups
60,2016-06-16,https://www.hkma.gov.hk/eng/key-information/insight/20160616.shtml,Fintech O2O Meetup
61,2016-06-15,https://www.hkma.gov.hk/eng/key-information/insight/20160615.shtml,Four tips on identifying counterfeit banknotes
62,2016-06-07,https://www.hkma.gov.hk/eng/key-information/insight/20160607.shtml,Why do INEDs of banks need further training?
63,2016-06-03,https://www.hkma.gov.hk/eng/key-information/insight/20160603.shtml,Norman Chan on Story behind the Initiative to Promote the Development of Corporate Treasury Centres in Hong Kong
64,2016-05-25,https://www.hkma.gov.hk/eng/key-information/insight/20160525.shtml,Episode 2 – Where do all the collected coins go?
65,2016-05-16,https://www.hkma.gov.hk/eng/key-information/insight/20160516.shtml,Episode 1 – The Coin Cart Double Act!
66,2016-05-12,https://www.hkma.gov.hk/eng/key-information/insight/20160512.shtml,Norman Chan on Cybersecurity: Practice what you know
67,2016-04-27,https://www.hkma.gov.hk/eng/key-information/insight/20160427.shtml,Raymond Li on Upholding Professionalism in Serving SMEs
68,2016-04-07,https://www.hkma.gov.hk/eng/key-information/insight/20160407.shtml,Norman Chan on Infrastructure Financing: Belt and Road Strategy and Hong Kong’s Role
69,2016-03-21,https://www.hkma.gov.hk/eng/key-information/insight/20160321.shtml,Norman Chan on Risk-based and technology-neutral – the HKMA’s supervisory approach to financial technology (Fintech)
70,2016-03-10,https://www.hkma.gov.hk/eng/key-information/insight/20160310.shtml,Norman Chan on Think Twice Before Mortgaging Your Property
71,2016-02-18,https://www.hkma.gov.hk/eng/key-information/insight/20160218.shtml,Norman Chan on Video Teller Machines – Fostering “Financial Inclusion” with Technology
72,2016-02-01,https://www.hkma.gov.hk/eng/key-information/insight/20160201.shtml,Norman Chan on Get a Full Grasp of the Situation and Stay Calm
73,2016-01-27,https://www.hkma.gov.hk/eng/key-information/insight/20160127.shtml,Howard Lee on The Hong Kong Dollar Linked Exchange Rate System
74,2016-01-21,https://www.hkma.gov.hk/eng/key-information/insight/20160121.shtml,Arthur Yuen on P2P small-value payment and mobile banking: the importance of customers’ security awareness
75,2015-12-16,https://www.hkma.gov.hk/eng/key-information/insight/20151216.shtml,"Eddie Yue on The Long-Term Growth Portfolio of the Exchange Fund – Focusing on Future, Striving for Growth (2 of 2)"
76,2015-12-14,https://www.hkma.gov.hk/eng/key-information/insight/20151214.shtml,"Eddie Yue on The Long-Term Growth Portfolio of the Exchange Fund – Focusing on Future, Striving for Growth (1 of 2)"
77,2015-12-10,https://www.hkma.gov.hk/eng/key-information/insight/20151210.shtml,Arthur Yuen on Hong Kong Dollars or Foreign Currencies? Making the Smart Choice when Using your Credit Cards Overseas
78,2015-11-23,https://www.hkma.gov.hk/eng/key-information/insight/20151123.shtml,"Norman Chan on Mobile Banking, Customer-Centrism, Financial Inclusion"
79,2015-11-13,https://www.hkma.gov.hk/eng/key-information/insight/20151113.shtml,Peter Pang on Stored Value Facilities
80,2015-11-05,https://www.hkma.gov.hk/eng/key-information/insight/20151105.shtml,Norman Chan on Steering a Steady Course through Choppy Waters
81,2015-10-29,https://www.hkma.gov.hk/eng/key-information/insight/20151029.shtml,Norman Chan on e-Cheque: A new era of payments in Hong Kong
82,2015-10-25,https://www.hkma.gov.hk/eng/key-information/insight/20151025.shtml,Eddie Yue on A Turbulent Time for Investment – the First Three Quarters of 2015
83,2015-09-16,https://www.hkma.gov.hk/eng/key-information/insight/20150916.shtml,Norman Chan on RMB Internationalisation Hong Kong: The Bridge Linking China with the Rest of the World (Chinese Version)
84,2015-06-12,https://www.hkma.gov.hk/eng/key-information/insight/20150612.shtml,Norman Chan on Hitting the road: my story as a salesman to promote RMB business overseas (Chinese version only)
85,2015-06-04,https://www.hkma.gov.hk/eng/key-information/insight/20150604.shtml,Stewart McGlynn on The Importance of Robust Anti-Money Laundering Controls
86,2015-04-10,https://www.hkma.gov.hk/eng/key-information/insight/20150410.shtml,Norman Chan on Who Would Mortgage Their Children?
87,2015-03-20,https://www.hkma.gov.hk/eng/key-information/insight/20150320.shtml,Arthur Yuen on Property Mortgage Loans by Finance Companies and Countercyclical Measures
88,2015-01-15,https://www.hkma.gov.hk/eng/key-information/insight/20150115.shtml,"Eddie Yue on The Exchange Fund Investments: Ready for Risk, Steady for Growth"
89,2014-09-15,https://www.hkma.gov.hk/eng/key-information/insight/20140915.shtml,Norman Chan on What does it take to develop a Global Offshore RMB Hub? (Chinese Version)
90,2014-08-11,https://www.hkma.gov.hk/eng/key-information/insight/20140811.shtml,Norman Chan on My Vision for the HKMA in the Next Five Years
91,2014-08-04,https://www.hkma.gov.hk/eng/key-information/insight/20140804.shtml,Norman Chan on The Future of Hong Kong as an International Financial Centre amidst the Liberalisation of Mainland China’s Financial Sector
92,2014-07-28,https://www.hkma.gov.hk/eng/key-information/insight/20140728.shtml,Norman Chan on The Exchange Fund – Last Line of Defence for Financial Stability
93,2014-07-26,https://www.hkma.gov.hk/eng/key-information/insight/20140726.shtml,Peter Pang on Further Net Inflow of Funds
94,2014-07-21,https://www.hkma.gov.hk/eng/key-information/insight/20140721.shtml,Norman Chan on The Two-Pronged Approach to Banking Supervision in Hong Kong
95,2014-07-14,https://www.hkma.gov.hk/eng/key-information/insight/20140714.shtml,Norman Chan on The HKMA’s countercyclical prudential measures and financial stability
96,2014-07-07,https://www.hkma.gov.hk/eng/key-information/insight/20140707.shtml,Norman Chan on My past five years in the HKMA
97,2014-04-15,https://www.hkma.gov.hk/eng/key-information/insight/20140415.shtml,Arthur Yuen on Mainland-related exposures
98,2014-02-18,https://www.hkma.gov.hk/eng/key-information/insight/20140218.shtml,Norman Chan on Hong Kong as Offshore Renminbi Centre – Past and Prospects
99,2013-11-25,https://www.hkma.gov.hk/eng/key-information/insight/20131125.shtml,Norman Chan on Can Central Banks Save the World?
