,address,cart_no,district,end_date,latitude,longitude,remarks,start_date
0,"Forbes Street, Kennedy Town, Sai Wan;(opposite to 42-56 Forbes Street)",1,Central and Western District,2019-12-01,22.281187,114.126571,Service suspended on Wednesday 27 November,2019-11-25
1,"Tin Lai House, Tin Wan Estate, Aberdeen*",2,Southern District,2019-12-01,22.252704,114.151256,Service suspended on Wednesday 27 November,2019-11-25
2,"Ho Man Tin Estate, Ho Man Tin;(between Yee Man House and Yat Man House)",1,Kowloon City District,2019-11-24,22.316048,114.183277,Service suspended on Wednesday 20 November,2019-11-18
3,"Roadside outside Haiphong Road Temporary Market, Haiphong Road, Tsim Sha Tsui;(near the cover of flyover)",2,Yau Tsim Mong District,2019-11-24,22.297991,114.170164,Service suspended on Wednesday 20 November,2019-11-18
4,"Amphitheatre, Lee On Estate Phase III, Ma On Shan",1,Sha Tin District,2019-11-17,22.425901,114.241326,Service suspended on Wednesday 13 November,2019-11-11
5,"Adjacent to Block 5, Hongkong Garden, Tsing Lung Tau",2,Tsuen Wan District,2019-11-17,22.362312,114.044661,Service suspended on Monday 11 November and Friday 15 November,2019-11-11
6,"Tsui Ying House, Tsui Ping (South) Estate*",1,Kwun Tong District,2019-11-10,22.312265,114.229867,Service suspended on Tuesday 5 November,2019-11-04
7,"Tak Chak House, Hau Tak Estate, Tseung Kwan O*",2,Sai Kung District,2019-11-10,22.319026,114.263623,Service suspended on Monday 4 November and Friday 8 November,2019-11-04
8,"Yat Sing Mansion, Tai Hong Street, Lei King;Wan, Sai Wan Ho*",1,Eastern District,2019-11-03,22.286395,114.223769,Service suspended on Friday 1 November,2019-10-28
9,"Lay-by on 53 Wong Nai Chung Road, Happy Valley",2,Wan Chai District,2019-11-03,22.270779,114.184825,Service suspended on Wednesday 30 October,2019-10-28
10,"Lay-by on Kwai Hing Road, Kwai Chung;(near Kwai Fung House, Kwai Chun Court)",1,Kwai Tsing District,2019-10-27,22.365247,114.131847,Service suspended on Wednesday 23 October,2019-10-21
11,"Outside Tung Chung Health Centre, Fu Tung Estate, Tung Chung",2,Islands District,2019-10-27,22.289115,113.943688,Service suspended on Wednesday 23 October,2019-10-21
12,"Rome Square adjacent to Block 3, Rhythm Garden, San Po Kong",1,Wong Tai Sin District,2019-10-20,22.336268,114.202951,Service suspended on Wednesday 16 October,2019-10-14
13,"Adjacent to Blocks 14 and 16, Nassau Street, Mei Foo Sun Chuen, Lai Chi Kok:;Monday 14 October;Tuesday 15 October;Wednesday 16 October;;Adjacent to Blocks 48 and 50, Broadway, Mei Foo Sun Chuen, Lai Chi Kok:;Friday 18 October;Saturday 19 October;Sunday 20 October",2,Sham Shui Po District,2019-10-20,22.338795,114.139249,Service suspended on Thursday 17 October,2019-10-14
14,"Lung Sum Lane, Sheung Shui;(between Metropolis Plaza and Lung Fung Garden)",1,North District,2019-10-13,22.502448,114.129448,Service suspended on Wednesday 9 October,2019-10-07
15,"Tai Wo Neighbourhood Community Centre, Tai Wo Estate, Tai Po*",2,Tai Po District,2019-10-13,22.452362,114.161326,Service suspended on Thursday 10 October,2019-10-07
16,"Open area outside Shin Leung House, Long Shin Estate, Yuen Long*",1,Yuen Long District,2019-10-06,22.442322,114.045142,"Service suspended on Monday 30 September, Wednesday 2 October and Friday 4 October",2019-09-30
17,"Block 1, Lung Mun Oasis, Tuen Mun*",2,Tuen Mun District,2019-10-06,22.384342,113.965771,Service suspended on Tuesday 1 October and Friday 4 October,2019-09-30
18,"Lay-by on 169-178 and 181 Connaught Road West, Sai Ying Pun;(near Kwan Yick Building Phase 2 and Western Harbour Centre)",1,Central and Western District,2019-09-29,22.287361,114.137308,Service suspended on Wednesday 25 September,2019-09-23
19,"Lei Tim House, Ap Lei Chau Estate, Ap Lei Chau*",2,Southern District,2019-09-29,22.244569,114.151742,Service suspended on Tuesday 24 September,2019-09-23
20,"Hong Ching House, Kai Ching Estate, Kowloon City*",1,Kowloon City District,2019-09-22,22.332165,114.203663,Service suspended on Monday 16 September and Friday 20 September,2019-09-16
21,"Lay-by outside Langham Place on Shanghai Street, Mong Kok;(near Argyle Street junction)",2,Yau Tsim Mong District,2019-09-22,22.319009,114.168201,Service suspended on Wednesday 18 September,2019-09-16
22,"Science Park East Avenue, Hong Kong Science Park, Sha Tin;(Between Building 12E and Building 16E)",1,Sha Tin District,2019-09-15,22.427057,114.211694,Service suspended on Sunday 15 September,2019-09-09
23,"Sai Lau Kok Road, Tsuen Wan;(near Tsuen Cheong Centre)",2,Tsuen Wan District,2019-09-15,22.371455,114.120111,Service suspended on Wednesday 11 September,2019-09-09
24,"Open area adjacent to Tat Shun House, Po Tat Estate, Sau Mau Ping",1,Kwun Tong District,2019-09-08,22.316388,114.237773,"Service suspended on Monday 2 September, Tuesday 3 September and Wednesday 4 September",2019-09-02
25,"Chan Man Street, Sai Kung Central;(near Sai Kung Government Offices)",2,Sai Kung District,2019-09-08,22.382492,114.272301,Service suspended on Wednesday 4 September;Service hours until 12 noon on Saturday 7 September,2019-09-02
