,date,link,title
0,2019-08-30,http://www.hkma.gov.hk/eng/about-the-hkma/careers-hkma/recruitment/20190830-4.shtml,Manager Trainee (2020 intakes)
1,2019-08-30,http://www.hkma.gov.hk/eng/about-the-hkma/careers-hkma/recruitment/20190830-3.shtml,Senior Manager (Resolution Office) - Execution Team
2,2019-08-30,http://www.hkma.gov.hk/eng/about-the-hkma/careers-hkma/recruitment/20190830-2.shtml,Manager (Resolution Office) - Execution Team
3,2019-08-30,http://www.hkma.gov.hk/eng/about-the-hkma/careers-hkma/recruitment/20190830-1.shtml,Associate Director (Asset Allocation) - Business Management Unit
4,2019-08-23,http://www.hkma.gov.hk/eng/about-the-hkma/careers-hkma/recruitment/20190823-2.shtml,Deputy Director (Programme Development)
5,2019-08-23,http://www.hkma.gov.hk/eng/about-the-hkma/careers-hkma/recruitment/20190823-1.shtml,Analyst Programmer (Information Technology)
