,claim_bank_outhk_fc,claim_bank_outhk_hkd,claim_nbc_outhk_fc,claim_nbc_outhk_hkd,end_of_month,liability_bank_outhk_fc,liability_bank_outhk_hkd,liability_nbc_outhk_fc,liability_nbc_outhk_hkd,name_en,name_tc,type_en,type_tc
0,0,0,123868,11903,2019-03,0,0,45789,6510,International organizations,國際組織,International organizations,國際組織
1,12551,0,2958,31,2019-03,10479,71,558,528,Austria,奧地利,Developed Countries,已發展地區
2,32968,469,5042,28,2019-03,20335,1477,1689,270,Belgium,比利時,Developed Countries,已發展地區
3,675,0,4103,5,2019-03,0,1,3288,244,Cyprus,塞浦路斯,Developed Countries,已發展地區
4,1705,65,1657,11,2019-03,479,161,526,100,Denmark,丹麥,Developed Countries,已發展地區
5,0,0,0,0,2019-03,0,0,94,6,Estonia,愛沙尼亞,Developed Countries,已發展地區
6,2506,1004,1013,9,2019-03,340,32,757,70,Finland,芬蘭,Developed Countries,已發展地區
7,281512,23670,62742,5538,2019-03,290233,26116,7536,3896,France,法國,Developed Countries,已發展地區
8,108210,16045,60261,2414,2019-03,145467,6131,5471,1723,Germany,德國,Developed Countries,已發展地區
9,1,1,273,2,2019-03,9,8,834,61,Greece,希臘,Developed Countries,已發展地區
10,0,0,0,0,2019-03,1,2,21,2,Iceland,冰島,Developed Countries,已發展地區
11,96,5,60136,25,2019-03,55,183,9383,675,Ireland,愛爾蘭,Developed Countries,已發展地區
12,3971,591,1612,40,2019-03,41075,1419,2334,701,Italy,意大利,Developed Countries,已發展地區
13,0,0,0,0,2019-03,0,0,66,4,Latvia,拉脫維亞,Developed Countries,已發展地區
14,24612,1899,44,5,2019-03,6365,7677,228,175,Liechtenstein,列支敦士登,Developed Countries,已發展地區
15,1,0,0,0,2019-03,0,0,30,6,Lithuania,立陶宛,Developed Countries,已發展地區
16,78754,12920,21901,543,2019-03,15797,4166,1599,468,Luxembourg,盧森堡,Developed Countries,已發展地區
17,0,2,1467,2,2019-03,1309,0,508,71,Malta,馬耳他,Developed Countries,已發展地區
18,58579,2150,46881,233,2019-03,181102,6515,5943,947,Netherlands,荷蘭,Developed Countries,已發展地區
19,6591,11,5467,1,2019-03,40,5,56,142,Norway,挪威,Developed Countries,已發展地區
20,10,0,18,6,2019-03,2,58,532,154,Portugal,葡萄牙,Developed Countries,已發展地區
21,0,0,17,0,2019-03,1,0,57,9,Slovak Republic,斯洛伐克共和國,Developed Countries,已發展地區
22,0,0,4,0,2019-03,5,0,452,7,Slovenia,斯洛文尼亞,Developed Countries,已發展地區
23,22120,161,1036,67,2019-03,59051,1472,4692,298,Spain,西班牙,Developed Countries,已發展地區
24,4618,847,17006,319,2019-03,2767,496,1061,342,Sweden,瑞典,Developed Countries,已發展地區
25,68715,2026,5056,519,2019-03,53244,24976,10089,2998,Switzerland,瑞士,Developed Countries,已發展地區
26,535309,64929,343843,38923,2019-03,406012,107103,682884,54824,United Kingdom,英國,Developed Countries,已發展地區
27,377134,65399,158348,3569,2019-03,103879,20522,40561,8542,Australia,澳洲,Developed Countries,已發展地區
28,107690,1037,64291,584,2019-03,9555,446,10596,5552,Canada,加拿大,Developed Countries,已發展地區
29,795100,29528,550678,709,2019-03,691779,8378,69806,13808,Japan,日本,Developed Countries,已發展地區
30,27619,1059,28160,243,2019-03,4919,461,4368,1740,New Zealand,新西蘭,Developed Countries,已發展地區
31,374332,5929,724651,3604,2019-03,351690,22783,135740,13851,United States of America,美國,Developed Countries,已發展地區
32,0,0,2014,0,2019-03,0,0,179,11,Others,其他,Developed Countries,已發展地區
33,2050,0,15860,6248,2019-03,7265,5370,16636,1965,Bahamas,巴哈馬,Offshore centres,離岸金融中心
34,8543,3,3843,12,2019-03,4114,4,99,17,Bahrain,巴林,Offshore centres,離岸金融中心
35,0,0,1270,0,2019-03,0,0,1290,1,Barbados,巴巴多斯,Offshore centres,離岸金融中心
36,0,2,8416,2868,2019-03,0,2,7098,2560,Bermuda,百慕達,Offshore centres,離岸金融中心
37,7311,44,149291,32587,2019-03,23624,31,93784,11221,Cayman Islands,開曼群島,Offshore centres,離岸金融中心
38,0,0,6,13,2019-03,0,0,293,0,Curacao,庫拉索,Offshore centres,離岸金融中心
39,0,0,2,0,2019-03,147,0,3,1,Former Netherlands Antilles,前荷屬安的列斯群島,Offshore centres,離岸金融中心
40,0,0,56,0,2019-03,0,0,68,12,Gibraltar,直布羅陀,Offshore centres,離岸金融中心
41,48,0,2440,377,2019-03,887,262,943,91,Guernsey,根西島,Offshore centres,離岸金融中心
42,0,0,371,1,2019-03,0,1,335,59,Isle of Man,馬恩島,Offshore centres,離岸金融中心
43,44,3,6699,2127,2019-03,10,100,3906,1850,Jersey,澤西島,Offshore centres,離岸金融中心
44,5,0,1,0,2019-03,0,0,65,0,Lebanon,黎巴嫩,Offshore centres,離岸金融中心
45,113123,105287,16061,27431,2019-03,91045,161595,10369,15190,Macao SAR,澳門特區,Offshore centres,離岸金融中心
46,8884,88,14573,33,2019-03,1098,353,5305,362,Mauritius,毛里求斯,Offshore centres,離岸金融中心
47,1329,0,13704,426,2019-03,28,0,6242,1217,Panama,巴拿馬,Offshore centres,離岸金融中心
48,0,0,3944,1434,2019-03,54,2,32243,1076,Samoa,薩摩亞,Offshore centres,離岸金融中心
49,631854,88347,132967,12787,2019-03,541807,135333,141666,86339,Singapore,新加坡,Offshore centres,離岸金融中心
50,0,0,1,0,2019-03,0,0,6,0,Sint Maarten,聖馬丁島,Offshore centres,離岸金融中心
51,0,0,0,12,2019-03,1,0,665,155,Vanuatu,瓦努阿圖,Offshore centres,離岸金融中心
52,259,0,305021,170461,2019-03,3,0,248156,56025,West Indies UK,英屬西印度群島,Offshore centres,離岸金融中心
53,0,0,0,0,2019-03,0,0,26,2,Others,其他,Offshore centres,離岸金融中心
54,37,0,1032,58,2019-03,602,0,792,38,Czech Republic,捷克共和國,Developing Europe,發展中歐洲地區
55,890,0,1176,1,2019-03,107,2,533,36,Hungary,匈牙利,Developing Europe,發展中歐洲地區
56,166,0,1402,80,2019-03,349,6,760,50,Poland,波蘭,Developing Europe,發展中歐洲地區
57,404,289,309,4,2019-03,996,1116,61678,1342,Russia,俄羅斯,Developing Europe,發展中歐洲地區
58,3248,6,1261,5,2019-03,135,5,1004,23,Turkey,土耳其,Developing Europe,發展中歐洲地區
59,43,0,128,1,2019-03,7870,0,703,63,Others,其他,Developing Europe,發展中歐洲地區
60,200,17,11,1,2019-03,54,0,307,13,Argentina,阿根廷,Developing Latin America and Caribbean,發展中拉丁美洲及加勒比地區
61,0,0,0,0,2019-03,0,0,0,0,"Bonaire, Saint Eustatius and Saba",博內爾島，聖尤斯特歇斯和薩巴,Developing Latin America and Caribbean,發展中拉丁美洲及加勒比地區
62,8450,214,3626,92,2019-03,219,12,850,107,Brazil,巴西,Developing Latin America and Caribbean,發展中拉丁美洲及加勒比地區
63,1437,10,506,19,2019-03,97,12,1902,18,Chile,智利,Developing Latin America and Caribbean,發展中拉丁美洲及加勒比地區
64,0,0,310,0,2019-03,1,0,32,13,Colombia,哥倫比亞,Developing Latin America and Caribbean,發展中拉丁美洲及加勒比地區
65,12,0,4,0,2019-03,0,0,9,8,Dominican Republic,多米尼加共和國,Developing Latin America and Caribbean,發展中拉丁美洲及加勒比地區
66,0,0,3,0,2019-03,16,0,6,4,Honduras,洪都拉斯,Developing Latin America and Caribbean,發展中拉丁美洲及加勒比地區
67,0,0,0,0,2019-03,0,0,54,22,Jamaica,牙買加,Developing Latin America and Caribbean,發展中拉丁美洲及加勒比地區
68,389,41,7128,964,2019-03,9,6,731,68,Mexico,墨西哥,Developing Latin America and Caribbean,發展中拉丁美洲及加勒比地區
69,0,0,3,3,2019-03,0,0,65,11,Paraguay,巴拉圭,Developing Latin America and Caribbean,發展中拉丁美洲及加勒比地區
70,180,0,6046,5,2019-03,10,0,70,17,Peru,秘魯,Developing Latin America and Caribbean,發展中拉丁美洲及加勒比地區
71,0,0,0,0,2019-03,43,0,220,59,Suriname,蘇里南,Developing Latin America and Caribbean,發展中拉丁美洲及加勒比地區
72,19,0,77,0,2019-03,1,0,133,15,Uruguay,烏拉圭,Developing Latin America and Caribbean,發展中拉丁美洲及加勒比地區
73,16141,0,142,10,2019-03,1,0,256,34,Venezuela,委內瑞拉,Developing Latin America and Caribbean,發展中拉丁美洲及加勒比地區
74,79,0,11989,703,2019-03,795,0,11213,387,Others,其他,Developing Latin America and Caribbean,發展中拉丁美洲及加勒比地區
75,0,3,0,0,2019-03,455,0,156,3,Algeria,阿爾及利亞,Developing Africa and Middle East,發展中非洲及中東地區
76,0,0,0,0,2019-03,0,0,4,0,Côte d'Ivoire,科特迪瓦,Developing Africa and Middle East,發展中非洲及中東地區
77,319,10,980,1,2019-03,2662,7,73,2,Egypt,埃及,Developing Africa and Middle East,發展中非洲及中東地區
78,64,0,12,1,2019-03,1365,0,191,3,Ghana,加納,Developing Africa and Middle East,發展中非洲及中東地區
79,0,0,0,0,2019-03,79,88,50,1,Iran,伊朗,Developing Africa and Middle East,發展中非洲及中東地區
80,0,0,0,0,2019-03,0,0,0,0,Iraq,伊拉克,Developing Africa and Middle East,發展中非洲及中東地區
81,1274,0,49,45,2019-03,801,25,1338,122,Israel,以色列,Developing Africa and Middle East,發展中非洲及中東地區
82,146,0,710,0,2019-03,20,6,55,8,Kenya,肯尼雅,Developing Africa and Middle East,發展中非洲及中東地區
83,196,9,11829,6,2019-03,293,1,8653,165,Kuwait,科威特,Developing Africa and Middle East,發展中非洲及中東地區
84,0,0,415,56,2019-03,0,0,1926,553,Liberia,利比里亞,Developing Africa and Middle East,發展中非洲及中東地區
85,0,0,74,2,2019-03,0,0,143,46,Madagascar,馬達加斯加,Developing Africa and Middle East,發展中非洲及中東地區
86,618,0,111,0,2019-03,2736,0,22472,1,Nigeria,尼日利亞,Developing Africa and Middle East,發展中非洲及中東地區
87,68,3,2654,0,2019-03,907,1,56,2,Oman,阿曼,Developing Africa and Middle East,發展中非洲及中東地區
88,17373,27,24863,0,2019-03,40,10,120,53,Qatar,卡塔爾,Developing Africa and Middle East,發展中非洲及中東地區
89,2192,4,26634,2,2019-03,21065,18,35611,8,Saudi Arabia,沙特阿拉伯,Developing Africa and Middle East,發展中非洲及中東地區
90,7562,2,3520,56,2019-03,369,34,2046,301,South Africa,南非,Developing Africa and Middle East,發展中非洲及中東地區
91,119427,13548,34715,410,2019-03,65332,504,6542,725,United Arab Emirates,阿拉伯聯合酋長國,Developing Africa and Middle East,發展中非洲及中東地區
92,0,0,0,0,2019-03,2,0,359,0,Yemen,也門,Developing Africa and Middle East,發展中非洲及中東地區
93,286,0,4376,1759,2019-03,4037,1,40763,645,Others,其他,Developing Africa and Middle East,發展中非洲及中東地區
94,18383,350,3489,11,2019-03,111,5,4656,78,Bangladesh,孟加拉,Developing Asia and Pacific,發展中亞洲及太平洋地區
95,144,548,4,7,2019-03,1146,3,709,88,Brunei Darussalam,汶萊,Developing Asia and Pacific,發展中亞洲及太平洋地區
96,2381,0,3676,41,2019-03,10235,20,5751,199,Cambodia,柬埔寨,Developing Asia and Pacific,發展中亞洲及太平洋地區
97,0,0,0,0,2019-03,0,0,4,0,Democratic People's Republic of Korea,朝鮮,Developing Asia and Pacific,發展中亞洲及太平洋地區
98,3,0,5,54,2019-03,40,0,95,10,Fiji,斐濟,Developing Asia and Pacific,發展中亞洲及太平洋地區
99,69907,225,83340,147,2019-03,63703,369,11129,674,India,印度,Developing Asia and Pacific,發展中亞洲及太平洋地區
