,coupon,expected_maturity_date,institutional_retail,isin_code,issue_number,original_maturity,outstanding_size,stock_code
0,2.02,2034-03-07,Institutional (機構),HK0000486388,15GB3403,15-year (15 年),0.6,4237
1,1.89,2032-03-02,Institutional (機構),HK0000329679,15GB3203,15-year (15 年),2.4,4232
2,2.13,2030-07-16,Institutional (機構),HK0000257821,15GB3007,15-year (15 年),1.8,4227
3,1.97,2029-01-17,Institutional (機構),HK0000474293,10GB2901,10-year (10 年),3.0,4236
4,1.25,2027-06-29,Institutional (機構),HK0000345436,10GB2706,10-year (10 年),3.6,4235
5,1.68,2026-01-21,Institutional (機構),HK0000280708,10GB2601,10-year (10 年),3.4,4230
6,2.22,2024-08-07,Institutional (機構),HK0000209236,10GB2408,10-year (10 年),7.0,4221
7,1.10,2023-01-17,Institutional (機構),HK0000135431,10GB2301,10-year (10 年),9.8,4215
8,Floating (浮息),2022-07-29,Retail (零售),HK0000515046,03GB2207R,3-year (3 年),3.0,
9,1.16,2022-05-18,Institutional (機構),HK0000339298,05GB2205,5-year (5 年),9.0,4234
10,Floating (浮息),2021-12-17,Retail (零售),HK0000464617,03GB2112R,3-year (3 年),2.98859,
11,2.46,2021-08-04,Institutional (機構),HK0000085537,10GB2108,10-year (10 年),14.5,4209
12,0.91,2020-11-05,Institutional (機構),HK0000271582,05GB2011,5-year (5 年),9.5,4229
13,Floating (浮息),2020-06-23,Retail (零售),HK0000340619,03GB2006R,3-year (3 年),2.88139,
14,1.06,2020-02-05,Institutional (機構),HK0000235769,05GB2002,5-year (5 年),12.7,4225
15,2.93,2020-01-13,Institutional (機構),HK0000059292,10GB2001,10-year (10 年),6.7,4203
16,Floating (浮息),2019-08-12,Retail (零售),HK0000301298,03GB1908R,3-year (3 年),2.84849,
